cross_over_date_strong,Name,mov2,mov1
2021-04-30,20MICRONS,20.0,50.0
2021-07-30,20MICRONS,20.0,50.0
2020-12-10,21STCENMGM,20.0,50.0
2021-05-19,21STCENMGM,20.0,50.0
2021-03-15,3IINFOTECH,20.0,50.0
2021-07-27,3IINFOTECH,20.0,50.0
2021-02-24,3MINDIA,20.0,50.0
2021-09-14,3MINDIA,20.0,50.0
2021-04-22,3PLAND,20,50
2021-01-13,5PAISA,20.0,50.0
2021-04-06,5PAISA,20.0,50.0
2021-02-25,63MOONS,20.0,50.0
2021-04-15,63MOONS,20.0,50.0
2021-05-10,A2ZINFRA,20,50
2020-12-15,AARTIDRUGS,20.0,50.0
2021-03-22,AARTIDRUGS,20.0,50.0
2021-03-01,AARTIIND,20.0,50.0
2021-07-23,AARTIIND,20.0,50.0
2021-03-09,AARTISURF,20.0,50.0
2021-07-26,AARTISURF,20.0,50.0
2021-04-12,AARVEEDEN,20.0,50.0
2021-07-20,AARVEEDEN,20.0,50.0
2020-12-07,AARVI,20.0,50.0
2021-02-19,AARVI,20.0,50.0
2021-05-24,AARVI,20.0,50.0
2021-06-04,AAVAS,20,50
2021-02-16,ABAN,20.0,50.0
2021-05-18,ABAN,20.0,50.0
2021-05-21,ABB,20.0,50.0
2021-08-30,ABB,20.0,50.0
2020-12-15,ABBOTINDIA,20.0,50.0
2021-03-22,ABBOTINDIA,20.0,50.0
2021-02-16,ABCAPITAL,20.0,50.0
2021-05-21,ABCAPITAL,20.0,50.0
2021-02-23,ABFRL,20.0,50.0
2021-06-01,ABFRL,20.0,50.0
2021-01-04,ABMINTLTD,20.0,50.0
2021-01-29,ABMINTLTD,20.0,50.0
2021-05-20,ABMINTLTD,20.0,50.0
2021-01-11,ACC,20,50
2020-12-16,ACCELYA,20.0,50.0
2021-05-11,ACCELYA,20.0,50.0
2021-05-26,ACE,20.0,50.0
2021-09-13,ACE,20.0,50.0
2021-05-21,ACRYSIL,20,50
2021-08-27,ADANIENT,20,50
2021-02-10,ADANIGREEN,20.0,50.0
2021-05-21,ADANIGREEN,20.0,50.0
2021-09-02,ADANIGREEN,20.0,50.0
2021-08-26,ADANIPORTS,20,50
2021-09-15,ADANIPOWER,20,50
2021-08-25,ADANITRANS,20,50
2021-09-14,ADFFOODS,20,50
2021-03-09,ADL,20.0,50.0
2021-04-06,ADL,20.0,50.0
2021-05-19,ADL,20.0,50.0
2021-09-01,ADL,20.0,50.0
,ADORWELD,20,50
2020-12-09,ADROITINFO,20.0,50.0
2021-03-12,ADROITINFO,20.0,50.0
2021-05-27,ADROITINFO,20.0,50.0
2021-09-16,ADROITINFO,20.0,50.0
2021-03-15,ADSL,20.0,50.0
2021-08-31,ADSL,20.0,50.0
2021-02-23,ADVANIHOTR,20.0,50.0
2021-05-26,ADVANIHOTR,20.0,50.0
2021-09-20,ADVANIHOTR,20.0,50.0
2021-02-09,ADVENZYMES,20.0,50.0
2021-04-20,ADVENZYMES,20.0,50.0
2021-05-04,AEGISCHEM,20,50
2021-09-02,AFFLE,20,50
2020-12-07,AGARIND,20.0,50.0
2021-03-26,AGARIND,20.0,50.0
,AGCNET,20,50
2021-04-09,AGRITECH,20.0,50.0
2021-08-02,AGRITECH,20.0,50.0
2021-05-17,AGROPHOS,20,50
,AHLADA,20,50
2020-12-04,AHLEAST,20.0,50.0
2021-05-26,AHLEAST,20.0,50.0
2021-09-15,AHLEAST,20.0,50.0
2021-05-26,AHLUCONT,20.0,50.0
2021-09-13,AHLUCONT,20.0,50.0
2020-12-08,AHLWEST,20.0,50.0
2021-05-31,AHLWEST,20.0,50.0
2021-04-05,AIAENG,20.0,50.0
2021-04-27,AIAENG,20.0,50.0
2021-05-24,AIAENG,20.0,50.0
2021-09-14,AIAENG,20.0,50.0
2021-05-14,AIRAN,20,50
2020-12-08,AJANTPHARM,20.0,50.0
2021-04-28,AJANTPHARM,20.0,50.0
2021-05-20,AJMERA,20,50
2021-01-14,AJOONI,20.0,50.0
2021-03-15,AJOONI,20.0,50.0
2020-12-18,AKASH,20.0,50.0
2021-01-08,AKASH,20.0,50.0
2021-05-18,AKASH,20.0,50.0
,AKG,20,50
2020-12-04,AKSHARCHEM,20.0,50.0
2021-05-03,AKSHARCHEM,20.0,50.0
2021-05-14,AKSHOPTFBR,20,50
2021-04-01,AKZOINDIA,20.0,50.0
2021-06-03,AKZOINDIA,20.0,50.0
2020-12-11,ALANKIT,20.0,50.0
2021-05-21,ALANKIT,20.0,50.0
2021-04-20,ALBERTDAVD,20,50
2020-12-04,ALEMBICLTD,20.0,50.0
2021-03-23,ALEMBICLTD,20.0,50.0
2021-07-19,ALEMBICLTD,20.0,50.0
2021-04-28,ALICON,20,50
2021-01-06,ALKALI,20.0,50.0
2021-04-15,ALKALI,20.0,50.0
2021-04-22,ALKALI,20.0,50.0
2021-04-28,ALKEM,20,50
,ALKYLAMINE,20,50
2021-03-12,ALLCARGO,20.0,50.0
2021-05-20,ALLCARGO,20.0,50.0
2020-12-18,ALLSEC,20.0,50.0
2020-12-22,ALLSEC,20.0,50.0
2021-05-05,ALLSEC,20.0,50.0
2021-05-14,ALMONDZ,20,50
2020-12-07,ALOKINDS,20.0,50.0
2021-01-18,ALOKINDS,20.0,50.0
2021-04-07,ALOKINDS,20.0,50.0
2021-05-27,ALOKINDS,20.0,50.0
2021-01-08,ALPA,20.0,50.0
2021-04-08,ALPA,20.0,50.0
2021-08-18,ALPA,20.0,50.0
2021-02-11,ALPHAGEO,20.0,50.0
2021-05-05,ALPHAGEO,20.0,50.0
2020-12-16,ALPSINDUS,20.0,50.0
2021-05-21,ALPSINDUS,20.0,50.0
2021-09-16,AMARAJABAT,20,50
2021-07-07,AMBER,20.0,50.0
2021-09-06,AMBER,20.0,50.0
,AMBICAAGAR,20,50
2021-05-07,AMBIKCO,20,50
2021-01-11,AMBUJACEM,20,50
2020-12-07,AMDIND,20.0,50.0
2021-02-25,AMDIND,20.0,50.0
2021-05-21,AMDIND,20.0,50.0
2021-05-12,AMJLAND,20,50
2021-03-30,AMRUTANJAN,20.0,50.0
2021-08-27,AMRUTANJAN,20.0,50.0
2021-05-25,ANANTRAJ,20.0,50.0
2021-09-16,ANANTRAJ,20.0,50.0
2021-03-19,ANDHRACEMT,20.0,50.0
2021-04-09,ANDHRACEMT,20.0,50.0
2021-05-12,ANDHRACEMT,20.0,50.0
2021-05-21,ANDHRAPAP,20,50
2021-04-16,ANDHRSUGAR,20.0,50.0
2021-09-17,ANDHRSUGAR,20.0,50.0
2021-04-26,ANGELBRKG,20,50
2020-12-04,ANIKINDS,20.0,50.0
2021-03-04,ANIKINDS,20.0,50.0
2021-05-28,ANIKINDS,20.0,50.0
2021-05-14,ANKITMETAL,20,50
,ANMOL,20,50
2021-06-04,ANSALAPI,20,50
2021-05-21,ANSALHSG,20,50
2021-05-17,ANUP,20,50
,ANURAS,20,50
,APARINDS,20,50
2021-01-05,APCL,20.0,50.0
2021-02-02,APCL,20.0,50.0
2021-03-04,APCL,20.0,50.0
2021-04-08,APCL,20.0,50.0
2021-05-12,APCL,20.0,50.0
2021-04-23,APCOTEXIND,20.0,50.0
2021-07-28,APCOTEXIND,20.0,50.0
2021-08-31,APCOTEXIND,20.0,50.0
2021-09-06,APCOTEXIND,20.0,50.0
2021-05-11,APEX,20,50
2021-05-27,APLAPOLLO,20.0,50.0
2021-06-03,APLAPOLLO,20.0,50.0
2021-04-05,APLLTD,20.0,50.0
2021-06-16,APLLTD,20.0,50.0
2021-05-12,APOLLO,20.0,50.0
2021-09-15,APOLLO,20.0,50.0
,APOLLOHOSP,20,50
2021-03-02,APOLLOPIPE,20.0,50.0
2021-07-26,APOLLOPIPE,20.0,50.0
2021-05-28,APOLLOTYRE,20,50
2021-04-12,APOLSINHOT,20.0,50.0
2021-04-26,APOLSINHOT,20.0,50.0
2021-08-16,APOLSINHOT,20.0,50.0
2021-05-19,APTECHT,20,50
2021-05-12,ARCHIDPLY,20,50
2021-05-11,ARCHIES,20,50
2021-05-03,ARENTERP,20,50
2021-05-06,ARIES,20,50
2021-05-21,ARIHANT,20,50
,ARIHANTCAP,20,50
2021-04-13,ARIHANTSUP,20,50
2021-06-02,ARMANFIN,20.0,50.0
2021-09-02,ARMANFIN,20.0,50.0
2021-05-11,AROGRANITE,20,50
2020-12-08,ARROWGREEN,20.0,50.0
2021-05-10,ARROWGREEN,20.0,50.0
2021-06-11,ARSHIYA,20,50
2021-04-19,ARSSINFRA,20,50
2021-05-14,ARVIND,20,50
2021-02-19,ARVINDFASN,20.0,50.0
2021-05-27,ARVINDFASN,20.0,50.0
2021-07-08,ARVINDFASN,20.0,50.0
2021-05-25,ARVSMART,20,50
2021-05-27,ASAHIINDIA,20.0,50.0
2021-08-30,ASAHIINDIA,20.0,50.0
2021-09-09,ASAHIINDIA,20.0,50.0
2021-07-23,ASAHISONG,20,50
2021-05-17,ASAL,20,50
,ASALCBR,20,50
2020-12-09,ASHAPURMIN,20.0,50.0
2021-04-28,ASHAPURMIN,20.0,50.0
2021-02-23,ASHIANA,20.0,50.0
2021-06-02,ASHIANA,20.0,50.0
,ASHIMASYN,20,50
2021-06-03,ASHOKA,20,50
2021-05-20,ASHOKLEY,20.0,50.0
2021-07-30,ASHOKLEY,20.0,50.0
2021-05-20,ASIANHOTNR,20,50
2021-04-01,ASIANPAINT,20.0,50.0
2021-08-23,ASIANPAINT,20.0,50.0
2021-02-02,ASIANTILES,20.0,50.0
2021-05-20,ASIANTILES,20.0,50.0
2021-05-19,ASPINWALL,20,50
2020-12-17,ASTEC,20.0,50.0
2021-04-26,ASTEC,20.0,50.0
2021-04-27,ASTERDM,20,50
2021-04-26,ASTRAL,20.0,50.0
2021-05-19,ASTRAL,20.0,50.0
2021-09-03,ASTRAL,20.0,50.0
2021-09-13,ASTRAL,20.0,50.0
2020-12-04,ASTRAMICRO,20.0,50.0
2021-03-04,ASTRAMICRO,20.0,50.0
2021-05-27,ASTRAMICRO,20.0,50.0
2021-09-16,ASTRAMICRO,20.0,50.0
2021-04-22,ASTRAZEN,20,50
2020-12-08,ASTRON,20.0,50.0
2021-05-26,ASTRON,20.0,50.0
2021-04-26,ATFL,20.0,50.0
2021-07-20,ATFL,20.0,50.0
2021-08-26,ATGL,20,50
2021-05-12,ATLANTA,20,50
2021-08-17,ATUL,20.0,50.0
2021-09-07,ATUL,20.0,50.0
2021-02-26,ATULAUTO,20.0,50.0
2021-05-24,ATULAUTO,20.0,50.0
2021-06-21,AUBANK,20,50
2020-12-07,AURIONPRO,20.0,50.0
2021-03-09,AURIONPRO,20.0,50.0
2021-07-07,AURIONPRO,20.0,50.0
2021-04-15,AUROPHARMA,20,50
2021-03-09,AUSOMENT,20.0,50.0
2021-04-08,AUSOMENT,20.0,50.0
2021-05-20,AUTOAXLES,20,50
2021-03-12,AUTOIND,20.0,50.0
2021-06-07,AUTOIND,20.0,50.0
2021-04-19,AVADHSUGAR,20,50
2021-04-26,AVANTIFEED,20,50
2021-04-28,AVTNPL,20.0,50.0
2021-09-15,AVTNPL,20.0,50.0
2021-05-04,AWHCL,20,50
2021-05-21,AXISBANK,20.0,50.0
2021-08-12,AXISBANK,20.0,50.0
2021-08-30,AXISBANK,20.0,50.0
2021-04-15,AXISCADES,20,50
2021-05-10,AYMSYNTEX,20,50
2021-03-17,BAFNAPH,20.0,50.0
2021-06-09,BAFNAPH,20.0,50.0
2021-07-15,BAFNAPH,20.0,50.0
2020-12-07,BAGFILMS,20.0,50.0
2021-05-05,BAGFILMS,20.0,50.0
2021-05-05,BAJAJ-AUTO,20,50
,BAJAJCON,20,50
2021-07-27,BAJAJELEC,20,50
2021-04-29,BAJAJFINSV,20,50
2021-03-03,BAJAJHIND,20.0,50.0
2021-05-03,BAJAJHIND,20.0,50.0
2021-05-14,BAJAJHLDNG,20,50
2021-02-03,BAJFINANCE,20.0,50.0
2021-05-07,BAJFINANCE,20.0,50.0
2020-12-09,BALAJITELE,20.0,50.0
2021-05-24,BALAJITELE,20.0,50.0
,BALAMINES,20,50
2021-04-13,BALAXI,20.0,50.0
2021-04-30,BALAXI,20.0,50.0
2021-03-22,BALKRISHNA,20.0,50.0
2021-05-21,BALKRISHNA,20.0,50.0
2021-07-19,BALKRISHNA,20.0,50.0
2021-04-07,BALKRISIND,20.0,50.0
2021-09-03,BALKRISIND,20.0,50.0
2021-05-18,BALLARPUR,20,50
2021-03-04,BALMLAWRIE,20.0,50.0
2021-05-20,BALMLAWRIE,20.0,50.0
2021-09-17,BALMLAWRIE,20.0,50.0
2021-01-07,BALPHARMA,20.0,50.0
2021-03-15,BALPHARMA,20.0,50.0
2021-08-13,BALPHARMA,20.0,50.0
2021-09-15,BALPHARMA,20.0,50.0
2021-03-02,BALRAMCHIN,20,50
2020-12-30,BANARBEADS,20.0,50.0
2021-05-21,BANARBEADS,20.0,50.0
2021-05-04,BANARISUG,20.0,50.0
2021-07-27,BANARISUG,20.0,50.0
2021-09-17,BANARISUG,20.0,50.0
2021-05-05,BANCOINDIA,20.0,50.0
2021-08-18,BANCOINDIA,20.0,50.0
2021-03-23,BANDHANBNK,20.0,50.0
2021-06-17,BANDHANBNK,20.0,50.0
2021-03-10,BANG,20.0,50.0
2021-05-17,BANG,20.0,50.0
2021-05-12,BANKA,20.0,50.0
2021-08-09,BANKA,20.0,50.0
2021-09-02,BANKA,20.0,50.0
2021-05-20,BANKBARODA,20,50
2021-05-19,BANKINDIA,20,50
2021-03-16,BANSWRAS,20.0,50.0
2021-05-12,BANSWRAS,20.0,50.0
,BARBEQUE,20,50
2020-12-10,BARTRONICS,20.0,50.0
2021-05-24,BARTRONICS,20.0,50.0
2021-02-10,BASF,20.0,50.0
2021-05-04,BASF,20.0,50.0
2021-05-10,BASML,20.0,50.0
2021-07-14,BASML,20.0,50.0
2021-05-24,BATAINDIA,20,50
2020-12-29,BAYERCROP,20.0,50.0
2021-04-26,BAYERCROP,20.0,50.0
2021-04-27,BBL,20.0,50.0
2021-09-07,BBL,20.0,50.0
2021-05-18,BBTC,20,50
2020-12-22,BCG,20.0,50.0
2021-05-28,BCG,20.0,50.0
,BCLIND,20,50
2021-05-25,BCP,20,50
2021-05-21,BDL,20,50
2021-03-04,BEARDSELL,20,50
2021-05-11,BECTORFOOD,20,50
2021-04-23,BEDMUTHA,20,50
2021-05-11,BEL,20,50
2021-05-25,BEML,20.0,50.0
2021-09-03,BEML,20.0,50.0
2021-03-17,BEPL,20.0,50.0
2021-08-30,BEPL,20.0,50.0
2021-04-01,BERGEPAINT,20.0,50.0
2021-05-17,BERGEPAINT,20.0,50.0
2021-07-01,BESTAGRO,20,50
2021-03-04,BFINVEST,20.0,50.0
2021-05-06,BFINVEST,20.0,50.0
2021-05-10,BFUTILITIE,20,50
2021-03-05,BGRENERGY,20.0,50.0
2021-04-26,BGRENERGY,20.0,50.0
2021-05-06,BHAGERIA,20,50
2021-08-16,BHAGYANGR,20.0,50.0
2021-08-24,BHAGYANGR,20.0,50.0
2021-09-01,BHAGYANGR,20.0,50.0
2020-12-14,BHAGYAPROP,20.0,50.0
2021-05-31,BHAGYAPROP,20.0,50.0
2021-06-28,BHAGYAPROP,20.0,50.0
2021-05-17,BHANDARI,20,50
2021-05-06,BHARATFORG,20,50
2021-02-24,BHARATGEAR,20.0,50.0
2021-04-09,BHARATGEAR,20.0,50.0
2021-05-06,BHARATGEAR,20.0,50.0
2021-04-27,BHARATRAS,20,50
,BHARATWIRE,20,50
2021-05-05,BHARTIARTL,20.0,50.0
2021-07-23,BHARTIARTL,20.0,50.0
2021-05-05,BHEL,20,50
2021-02-22,BIGBLOC,20.0,50.0
2021-03-25,BIGBLOC,20.0,50.0
2021-06-08,BIGBLOC,20.0,50.0
2020-12-09,BIL,20.0,50.0
2021-02-09,BIL,20.0,50.0
2021-03-22,BIL,20.0,50.0
2021-04-05,BINDALAGRO,20.0,50.0
2021-05-19,BINDALAGRO,20.0,50.0
2020-12-09,BIOCON,20.0,50.0
2021-04-05,BIOCON,20.0,50.0
2021-06-14,BIOCON,20.0,50.0
2021-07-15,BIOFILCHEM,20,50
2021-03-15,BIRLACABLE,20.0,50.0
2021-05-17,BIRLACABLE,20.0,50.0
2021-02-02,BIRLACORPN,20,50
2020-12-24,BIRLAMONEY,20.0,50.0
2021-05-12,BIRLAMONEY,20.0,50.0
2021-05-19,BIRLATYRE,20,50
2021-05-27,BKMINDST,20,50
2020-12-10,BLBLIMITED,20.0,50.0
2021-03-03,BLBLIMITED,20.0,50.0
2021-05-19,BLBLIMITED,20.0,50.0
2020-12-08,BLISSGVS,20.0,50.0
2021-08-02,BLISSGVS,20.0,50.0
2021-05-31,BLKASHYAP,20,50
2020-12-04,BLS,20.0,50.0
2021-05-21,BLS,20.0,50.0
,BLUECOAST,20,50
2021-09-01,BLUEDART,20,50
2021-02-11,BLUESTARCO,20.0,50.0
2021-07-06,BLUESTARCO,20.0,50.0
2021-03-03,BODALCHEM,20,50
2021-03-04,BOMDYEING,20.0,50.0
2021-05-21,BOMDYEING,20.0,50.0
2021-04-26,BOROLTD,20,50
2021-05-18,BORORENEW,20,50
2021-05-20,BOSCHLTD,20,50
2021-05-17,BPCL,20.0,50.0
2021-08-30,BPCL,20.0,50.0
2021-03-04,BPL,20.0,50.0
2021-04-22,BPL,20.0,50.0
2021-09-02,BPL,20.0,50.0
2021-06-10,BRFL,20,50
2021-05-27,BRIGADE,20,50
2020-12-11,BRITANNIA,20.0,50.0
2021-03-30,BRITANNIA,20.0,50.0
2021-06-18,BRITANNIA,20.0,50.0
2021-08-13,BRITANNIA,20.0,50.0
2021-06-01,BRNL,20,50
2021-04-08,BROOKS,20.0,50.0
2021-08-06,BROOKS,20.0,50.0
2021-04-22,BSE,20,50
2020-12-16,BSELINFRA,20.0,50.0
2021-05-19,BSELINFRA,20.0,50.0
2021-03-10,BSL,20.0,50.0
2021-09-07,BSL,20.0,50.0
2020-12-09,BSOFT,20.0,50.0
2021-03-31,BSOFT,20.0,50.0
2021-05-21,BURGERKING,20.0,50.0
2021-08-27,BURGERKING,20.0,50.0
2021-04-16,BUTTERFLY,20.0,50.0
2021-08-03,BUTTERFLY,20.0,50.0
2021-09-06,BUTTERFLY,20.0,50.0
2021-02-17,BVCL,20.0,50.0
2021-05-12,BVCL,20.0,50.0
2021-08-04,BVCL,20.0,50.0
2021-03-08,BYKE,20.0,50.0
2021-05-21,BYKE,20.0,50.0
2021-04-09,CADILAHC,20,50
2021-05-20,CALSOFT,20.0,50.0
2021-08-02,CALSOFT,20.0,50.0
2021-02-26,CAMLINFINE,20,50
2021-04-16,CAMS,20,50
2021-05-24,CANBK,20.0,50.0
2021-08-12,CANBK,20.0,50.0
2021-06-08,CANDC,20,50
2021-03-09,CANFINHOME,20.0,50.0
2021-07-15,CANFINHOME,20.0,50.0
2021-08-31,CANFINHOME,20.0,50.0
2021-03-01,CANTABIL,20.0,50.0
2021-04-01,CANTABIL,20.0,50.0
2021-05-31,CANTABIL,20.0,50.0
2021-09-14,CANTABIL,20.0,50.0
2021-02-09,CAPACITE,20.0,50.0
2021-05-25,CAPACITE,20.0,50.0
2020-12-28,CAPLIPOINT,20.0,50.0
2021-04-20,CAPLIPOINT,20.0,50.0
2021-03-08,CAPTRUST,20.0,50.0
2021-06-04,CAPTRUST,20.0,50.0
2021-05-03,CARBORUNIV,20,50
2020-12-04,CAREERP,20.0,50.0
2021-01-15,CAREERP,20.0,50.0
2021-05-28,CAREERP,20.0,50.0
2021-04-27,CARERATING,20.0,50.0
2021-09-16,CARERATING,20.0,50.0
2021-02-04,CASTROLIND,20.0,50.0
2021-05-17,CASTROLIND,20.0,50.0
2021-02-23,CCCL,20.0,50.0
2021-03-09,CCCL,20.0,50.0
2021-05-31,CCCL,20.0,50.0
2021-05-14,CCHHL,20,50
2021-03-16,CCL,20.0,50.0
2021-04-20,CCL,20.0,50.0
2021-02-15,CDSL,20.0,50.0
2021-09-15,CDSL,20.0,50.0
2021-01-11,CEATLTD,20.0,50.0
2021-06-23,CEATLTD,20.0,50.0
2021-05-17,CEBBCO,20,50
2021-02-26,CELEBRITY,20.0,50.0
2021-05-25,CELEBRITY,20.0,50.0
2021-05-07,CENTENKA,20.0,50.0
2021-09-02,CENTENKA,20.0,50.0
2021-04-22,CENTEXT,20,50
2020-12-04,CENTRALBK,20.0,50.0
2021-02-05,CENTRALBK,20.0,50.0
2021-02-16,CENTRALBK,20.0,50.0
2021-05-19,CENTRALBK,20.0,50.0
2021-05-03,CENTRUM,20,50
2021-05-21,CENTUM,20.0,50.0
2021-07-05,CENTUM,20.0,50.0
,CENTURYPLY,20,50
2021-05-20,CENTURYTEX,20,50
2021-05-19,CERA,20,50
2020-12-07,CEREBRAINT,20.0,50.0
2021-06-01,CEREBRAINT,20.0,50.0
2021-09-06,CEREBRAINT,20.0,50.0
2020-12-04,CESC,20.0,50.0
2021-05-05,CESC,20.0,50.0
2021-09-06,CESC,20.0,50.0
2021-03-31,CGCL,20,50
2021-02-15,CGPOWER,20.0,50.0
2021-08-06,CGPOWER,20.0,50.0
2021-08-13,CGPOWER,20.0,50.0
2021-05-25,CHALET,20.0,50.0
2021-09-15,CHALET,20.0,50.0
2021-05-14,CHAMBLFERT,20,50
2021-04-26,CHEMBOND,20.0,50.0
2021-07-05,CHEMBOND,20.0,50.0
2020-12-30,CHEMCON,20.0,50.0
2021-05-07,CHEMCON,20.0,50.0
2020-12-07,CHEMFAB,20.0,50.0
2021-04-13,CHEMFAB,20.0,50.0
2021-07-06,CHEMFAB,20.0,50.0
2021-03-10,CHENNPETRO,20.0,50.0
2021-04-29,CHENNPETRO,20.0,50.0
2021-06-03,CHOLAFIN,20.0,50.0
2021-08-30,CHOLAFIN,20.0,50.0
2021-02-16,CHOLAHLDNG,20.0,50.0
2021-05-25,CHOLAHLDNG,20.0,50.0
2021-08-30,CHOLAHLDNG,20.0,50.0
2021-04-09,CIGNITITEC,20,50
2021-05-21,CINELINE,20,50
2021-04-06,CINEVISTA,20.0,50.0
2021-06-29,CINEVISTA,20.0,50.0
2020-12-16,CIPLA,20.0,50.0
2021-04-09,CIPLA,20.0,50.0
2021-09-14,CIPLA,20.0,50.0
2020-12-17,CLEDUCATE,20.0,50.0
2021-03-12,CLEDUCATE,20.0,50.0
2021-02-11,CLNINDIA,20.0,50.0
2021-04-23,CLNINDIA,20.0,50.0
,CLSEL,20,50
2020-12-08,CMICABLES,20.0,50.0
2021-02-12,CMICABLES,20.0,50.0
2021-06-03,CMICABLES,20.0,50.0
2021-02-08,COALINDIA,20.0,50.0
2021-02-25,COALINDIA,20.0,50.0
2021-05-14,COALINDIA,20.0,50.0
2021-09-13,COALINDIA,20.0,50.0
2021-03-01,COCHINSHIP,20.0,50.0
2021-05-17,COCHINSHIP,20.0,50.0
,COFFEEDAY,20,50
2021-03-15,COFORGE,20,50
2021-01-29,COLPAL,20.0,50.0
2021-03-03,COLPAL,20.0,50.0
2021-05-24,COLPAL,20.0,50.0
2021-09-15,COLPAL,20.0,50.0
2020-12-04,COMPINFO,20.0,50.0
2021-03-01,COMPINFO,20.0,50.0
2021-05-12,COMPINFO,20.0,50.0
2020-12-07,COMPUSOFT,20.0,50.0
2021-04-13,COMPUSOFT,20.0,50.0
2021-05-17,COMPUSOFT,20.0,50.0
2021-01-04,CONCOR,20.0,50.0
2021-05-11,CONCOR,20.0,50.0
2021-09-03,CONCOR,20.0,50.0
2021-04-28,CONFIPET,20.0,50.0
2021-07-14,CONFIPET,20.0,50.0
2021-07-30,CONFIPET,20.0,50.0
2021-08-16,CONFIPET,20.0,50.0
2021-02-11,CONSOFINVT,20.0,50.0
2021-02-25,CONSOFINVT,20.0,50.0
2021-03-22,CONTROLPR,20,50
2020-12-04,CORALFINAC,20.0,50.0
2021-02-26,CORALFINAC,20.0,50.0
2021-04-28,CORALFINAC,20.0,50.0
2021-02-11,CORDSCABLE,20.0,50.0
2021-05-11,CORDSCABLE,20.0,50.0
2021-05-20,COROMANDEL,20,50
2020-12-30,COSMOFILMS,20.0,50.0
2021-01-28,COSMOFILMS,20.0,50.0
2021-05-26,COUNCODOS,20,50
2021-05-27,COX&KINGS,20,50
,CRAFTSMAN,20,50
2021-06-22,CREATIVE,20,50
2020-12-14,CREATIVEYE,20.0,50.0
2021-06-08,CREATIVEYE,20.0,50.0
2021-07-26,CREATIVEYE,20.0,50.0
2021-06-02,CREDITACC,20,50
2021-05-21,CREST,20,50
2021-02-12,CRISIL,20.0,50.0
2021-03-24,CRISIL,20.0,50.0
2021-05-17,CRISIL,20.0,50.0
2021-09-17,CRISIL,20.0,50.0
2021-03-12,CROMPTON,20.0,50.0
2021-05-26,CROMPTON,20.0,50.0
2021-03-01,CSBBANK,20,50
2021-05-11,CTE,20,50
2021-05-07,CUB,20.0,50.0
2021-05-18,CUB,20.0,50.0
2021-06-24,CUB,20.0,50.0
2021-02-26,CUBEXTUB,20.0,50.0
2021-04-09,CUBEXTUB,20.0,50.0
2021-04-15,CUBEXTUB,20.0,50.0
2021-07-06,CUBEXTUB,20.0,50.0
2021-06-28,CUMMINSIND,20,50
2021-04-07,CUPID,20.0,50.0
2021-04-22,CUPID,20.0,50.0
2021-07-07,CUPID,20.0,50.0
2021-07-02,CYBERMEDIA,20,50
2021-04-09,CYBERTECH,20.0,50.0
2021-04-29,CYBERTECH,20.0,50.0
,CYIENT,20,50
2021-03-08,DAAWAT,20.0,50.0
2021-07-26,DAAWAT,20.0,50.0
2020-12-29,DABUR,20.0,50.0
2021-03-26,DABUR,20.0,50.0
2021-06-11,DABUR,20.0,50.0
2021-08-31,DALBHARAT,20,50
2021-02-22,DALMIASUG,20,50
2021-05-18,DAMODARIND,20,50
2021-03-18,DATAMATICS,20.0,50.0
2021-05-03,DATAMATICS,20.0,50.0
2021-02-04,DBCORP,20.0,50.0
2021-05-26,DBCORP,20.0,50.0
2021-06-17,DBL,20.0,50.0
2021-06-23,DBL,20.0,50.0
2021-06-08,DBREALTY,20.0,50.0
2021-09-15,DBREALTY,20.0,50.0
2021-05-17,DBSTOCKBRO,20.0,50.0
2021-08-10,DBSTOCKBRO,20.0,50.0
2020-12-16,DCAL,20.0,50.0
2021-01-15,DCAL,20.0,50.0
2021-04-20,DCAL,20.0,50.0
2021-05-27,DCBBANK,20,50
2021-05-11,DCM,20,50
2020-12-08,DCMFINSERV,20.0,50.0
2021-04-27,DCMFINSERV,20.0,50.0
,DCMNVL,20,50
2021-09-15,DCMSHRIRAM,20,50
,DCW,20,50
2021-02-02,DECCANCE,20,50
2020-12-07,DEEPAKFERT,20.0,50.0
2021-02-24,DEEPAKFERT,20.0,50.0
2021-07-01,DEEPAKNTR,20,50
,DEEPENR,20,50
,DEEPINDS,20,50
2021-03-04,DELTACORP,20.0,50.0
2021-05-27,DELTACORP,20.0,50.0
2021-09-03,DELTACORP,20.0,50.0
2021-02-16,DELTAMAGNT,20.0,50.0
2021-05-27,DELTAMAGNT,20.0,50.0
2021-08-24,DELTAMAGNT,20.0,50.0
2021-06-02,DEN,20,50
2020-12-07,DENORA,20.0,50.0
2021-05-07,DENORA,20.0,50.0
2021-06-01,DFMFOODS,20,50
2020-12-10,DGCONTENT,20.0,50.0
2021-05-26,DGCONTENT,20.0,50.0
2021-02-25,DHAMPURSUG,20,50
2021-02-17,DHANBANK,20.0,50.0
2021-05-27,DHANBANK,20.0,50.0
2021-06-10,DHANI,20,50
2021-04-26,DHANUKA,20,50
2021-03-02,DHARSUGAR,20.0,50.0
2021-05-04,DHARSUGAR,20.0,50.0
2021-02-11,DHUNINV,20.0,50.0
2021-04-27,DHUNINV,20.0,50.0
2021-06-03,DIAMONDYD,20,50
2021-05-18,DIAPOWER,20.0,50.0
2021-06-01,DIAPOWER,20.0,50.0
2021-09-08,DIAPOWER,20.0,50.0
2021-02-23,DICIND,20.0,50.0
2021-05-26,DICIND,20.0,50.0
2021-06-03,DIGISPICE,20,50
2020-12-15,DISHTV,20.0,50.0
2021-05-10,DISHTV,20.0,50.0
2021-09-09,DISHTV,20.0,50.0
2021-04-07,DIVISLAB,20,50
2021-04-29,DIXON,20,50
2021-05-28,DLF,20,50
2021-02-25,DLINKINDIA,20.0,50.0
2021-05-20,DLINKINDIA,20.0,50.0
2021-05-24,DMART,20,50
2020-12-14,DNAMEDIA,20.0,50.0
2021-04-29,DNAMEDIA,20.0,50.0
,DODLA,20,50
2020-12-14,DOLAT,20.0,50.0
2021-03-22,DOLAT,20.0,50.0
2021-05-19,DOLLAR,20,50
2021-05-18,DONEAR,20,50
2021-01-06,DPSCLTD,20.0,50.0
2021-05-28,DPSCLTD,20.0,50.0
2021-04-30,DPWIRES,20,50
2021-06-18,DRCSYSTEMS,20.0,50.0
2021-08-10,DRCSYSTEMS,20.0,50.0
2021-02-24,DREDGECORP,20.0,50.0
2021-05-18,DREDGECORP,20.0,50.0
2020-12-17,DRREDDY,20.0,50.0
2021-04-12,DRREDDY,20.0,50.0
2021-03-02,DSSL,20,50
2021-02-12,DTIL,20.0,50.0
2021-05-05,DTIL,20.0,50.0
2021-03-24,DUCON,20.0,50.0
2021-04-07,DUCON,20.0,50.0
2021-04-29,DVL,20,50
2021-03-04,DWARKESH,20,50
,DYNAMATECH,20,50
2020-12-29,DYNPRO,20.0,50.0
2021-07-12,DYNPRO,20.0,50.0
,EASEMYTRIP,20,50
2020-12-10,EASTSILK,20.0,50.0
2021-04-12,EASTSILK,20.0,50.0
2020-12-15,EASUNREYRL,20.0,50.0
2021-03-16,EASUNREYRL,20.0,50.0
2021-05-28,EASUNREYRL,20.0,50.0
2021-03-17,EBIXFOREX,20.0,50.0
2021-03-22,EBIXFOREX,20.0,50.0
2021-05-14,EBIXFOREX,20.0,50.0
2021-09-08,EBIXFOREX,20.0,50.0
,ECLERX,20,50
2021-03-03,EDELWEISS,20.0,50.0
2021-06-07,EDELWEISS,20.0,50.0
2020-12-08,EDUCOMP,20.0,50.0
2021-05-12,EDUCOMP,20.0,50.0
2021-05-27,EICHERMOT,20.0,50.0
2021-09-06,EICHERMOT,20.0,50.0
2021-03-10,EIDPARRY,20.0,50.0
2021-05-03,EIDPARRY,20.0,50.0
2021-09-16,EIDPARRY,20.0,50.0
2021-05-21,EIHAHOTELS,20,50
2021-02-15,EIHOTEL,20.0,50.0
2021-05-24,EIHOTEL,20.0,50.0
2021-02-05,EIMCOELECO,20.0,50.0
2021-03-08,EIMCOELECO,20.0,50.0
2021-05-07,EIMCOELECO,20.0,50.0
2021-08-17,EKC,20,50
,ELECON,20,50
2021-02-24,ELECTCAST,20.0,50.0
2021-09-14,ELECTCAST,20.0,50.0
2021-02-24,ELECTHERM,20.0,50.0
2021-05-10,ELECTHERM,20.0,50.0
2021-07-12,ELGIEQUIP,20.0,50.0
2021-07-29,ELGIEQUIP,20.0,50.0
2021-05-10,ELGIRUBCO,20,50
2021-03-08,EMAMILTD,20.0,50.0
2021-03-31,EMAMILTD,20.0,50.0
2021-05-21,EMAMIREAL,20,50
2020-12-08,EMCO,20.0,50.0
2021-05-28,EMCO,20.0,50.0
2021-03-08,EMKAY,20.0,50.0
2021-05-21,EMKAY,20.0,50.0
2020-12-14,EMMBI,20.0,50.0
2021-04-01,EMMBI,20.0,50.0
2021-05-06,EMMBI,20.0,50.0
2021-03-18,ENDURANCE,20.0,50.0
2021-05-26,ENDURANCE,20.0,50.0
2021-05-20,ENERGYDEV,20,50
2021-03-02,ENGINERSIN,20.0,50.0
2021-05-19,ENGINERSIN,20.0,50.0
2021-03-04,ENIL,20.0,50.0
2021-05-25,ENIL,20.0,50.0
2021-05-06,EPL,20,50
2021-05-24,EQUITAS,20,50
2021-05-25,EQUITASBNK,20,50
2021-03-31,ERIS,20.0,50.0
2021-09-09,ERIS,20.0,50.0
2021-02-04,EROSMEDIA,20.0,50.0
2021-05-26,EROSMEDIA,20.0,50.0
2021-05-27,ESABINDIA,20,50
2021-02-08,ESCORTS,20.0,50.0
2021-06-11,ESCORTS,20.0,50.0
2021-08-05,ESCORTS,20.0,50.0
2021-05-10,ESSARSHPNG,20,50
2021-01-07,ESTER,20.0,50.0
2021-03-16,ESTER,20.0,50.0
2021-07-14,ESTER,20.0,50.0
2021-03-17,EUROTEXIND,20.0,50.0
2021-06-17,EUROTEXIND,20.0,50.0
2021-09-16,EVEREADY,20,50
2021-02-18,EVERESTIND,20.0,50.0
2021-02-23,EVERESTIND,20.0,50.0
2021-05-04,EVERESTIND,20.0,50.0
2021-06-07,EXCEL,20,50
2021-01-08,EXCELINDUS,20.0,50.0
2021-02-18,EXCELINDUS,20.0,50.0
2021-05-04,EXCELINDUS,20.0,50.0
2021-05-25,EXIDEIND,20.0,50.0
2021-09-13,EXIDEIND,20.0,50.0
2021-01-04,EXPLEOSOL,20.0,50.0
2021-03-05,EXPLEOSOL,20.0,50.0
,FACT,20,50
,FAIRCHEMOR,20,50
2021-04-28,FCL,20,50
2021-01-22,FCONSUMER,20.0,50.0
2021-05-31,FCONSUMER,20.0,50.0
2020-12-07,FCSSOFT,20.0,50.0
2021-05-11,FCSSOFT,20.0,50.0
2020-12-10,FDC,20.0,50.0
2021-04-12,FDC,20.0,50.0
2021-05-18,FEDERALBNK,20.0,50.0
2021-08-03,FEDERALBNK,20.0,50.0
2020-12-04,FEL,20.0,50.0
2021-06-02,FEL,20.0,50.0
2021-02-11,FELDVR,20.0,50.0
2021-05-21,FELDVR,20.0,50.0
2021-03-15,FIEMIND,20.0,50.0
2021-04-30,FIEMIND,20.0,50.0
2021-09-17,FILATEX,20,50
2021-05-25,FINCABLES,20,50
2021-01-12,FINEORG,20.0,50.0
2021-04-12,FINEORG,20.0,50.0
2021-08-04,FINEORG,20.0,50.0
2021-09-09,FINEORG,20.0,50.0
2021-02-10,FINPIPE,20.0,50.0
2021-03-03,FINPIPE,20.0,50.0
2021-04-06,FINPIPE,20.0,50.0
2021-09-15,FINPIPE,20.0,50.0
2021-02-09,FLEXITUFF,20.0,50.0
2021-05-04,FLEXITUFF,20.0,50.0
2021-01-25,FLFL,20.0,50.0
2021-02-09,FLFL,20.0,50.0
2021-06-03,FLFL,20.0,50.0
2021-03-15,FLUOROCHEM,20,50
2021-03-05,FMGOETZE,20.0,50.0
2021-05-27,FMGOETZE,20.0,50.0
2021-05-31,FMNL,20,50
2021-05-24,FORCEMOT,20,50
2021-03-01,FORTIS,20,50
2020-12-09,FOSECOIND,20.0,50.0
2021-04-28,FOSECOIND,20.0,50.0
2021-01-22,FRETAIL,20.0,50.0
2021-02-02,FRETAIL,20.0,50.0
2021-02-15,FRETAIL,20.0,50.0
2021-06-07,FRETAIL,20.0,50.0
2021-06-03,FSC,20,50
,FSL,20,50
2021-05-21,GABRIEL,20,50
2021-01-01,GAEL,20.0,50.0
2021-03-04,GAEL,20.0,50.0
2021-04-28,GAEL,20.0,50.0
2021-04-01,GAIL,20.0,50.0
2021-05-10,GAIL,20.0,50.0
2021-09-14,GAIL,20.0,50.0
2021-05-10,GAL,20.0,50.0
2021-07-30,GAL,20.0,50.0
2021-08-31,GALAXYSURF,20,50
,GALLANTT,20,50
2021-04-06,GALLISPAT,20,50
2020-12-07,GAMMNINFRA,20.0,50.0
2021-03-09,GAMMNINFRA,20.0,50.0
2021-05-14,GAMMNINFRA,20.0,50.0
2021-04-28,GANDHITUBE,20,50
2021-05-21,GANECOS,20,50
2021-06-02,GANESHHOUC,20,50
,GANGAFORGE,20,50
2021-02-05,GANGESSECU,20.0,50.0
2021-05-04,GANGESSECU,20.0,50.0
2021-09-09,GANGESSECU,20.0,50.0
,GARFIBRES,20,50
2021-05-14,GATI,20.0,50.0
2021-05-18,GATI,20.0,50.0
2020-12-07,GAYAHWS,20.0,50.0
2021-05-17,GAYAHWS,20.0,50.0
2021-05-25,GAYAPROJ,20.0,50.0
2021-07-15,GAYAPROJ,20.0,50.0
,GDL,20,50
,GEECEE,20,50
2020-12-29,GEEKAYWIRE,20.0,50.0
2021-05-06,GEEKAYWIRE,20.0,50.0
2021-07-23,GEEKAYWIRE,20.0,50.0
,GENCON,20,50
2020-12-04,GENESYS,20.0,50.0
2021-06-07,GENESYS,20.0,50.0
2021-03-04,GENUSPAPER,20,50
,GENUSPOWER,20,50
2021-03-12,GEOJITFSL,20.0,50.0
2021-05-06,GEOJITFSL,20.0,50.0
2021-03-05,GEPIL,20.0,50.0
2021-05-27,GEPIL,20.0,50.0
2021-02-25,GESHIP,20.0,50.0
2021-09-14,GESHIP,20.0,50.0
2021-02-19,GET&D,20.0,50.0
2021-05-17,GET&D,20.0,50.0
2020-12-14,GFLLIMITED,20.0,50.0
2021-02-17,GFLLIMITED,20.0,50.0
2021-02-19,GFLLIMITED,20.0,50.0
2021-02-25,GFLLIMITED,20.0,50.0
2021-03-22,GFLLIMITED,20.0,50.0
2021-05-31,GFLLIMITED,20.0,50.0
2021-09-20,GFLLIMITED,20.0,50.0
2021-05-28,GFSTEELS,20,50
,GHCL,20,50
2021-05-21,GICHSGFIN,20,50
2021-02-18,GICRE,20.0,50.0
2021-06-30,GICRE,20.0,50.0
2021-03-16,GILLANDERS,20.0,50.0
2021-05-27,GILLANDERS,20.0,50.0
2021-04-01,GILLETTE,20.0,50.0
2021-05-31,GILLETTE,20.0,50.0
2021-03-22,GINNIFILA,20,50
2021-03-05,GIPCL,20.0,50.0
2021-05-14,GIPCL,20.0,50.0
2020-12-09,GKWLIMITED,20.0,50.0
2021-04-12,GKWLIMITED,20.0,50.0
2021-02-22,GLAND,20,50
2020-12-04,GLAXO,20.0,50.0
2021-05-04,GLAXO,20.0,50.0
2020-12-07,GLENMARK,20.0,50.0
2021-04-09,GLENMARK,20.0,50.0
2020-12-04,GLFL,20.0,50.0
2021-02-25,GLFL,20.0,50.0
2021-06-17,GLFL,20.0,50.0
2021-09-08,GLFL,20.0,50.0
2021-05-18,GLOBAL,20,50
2021-05-11,GLOBALVECT,20,50
2021-01-01,GLOBUSSPR,20.0,50.0
2021-05-27,GLOBUSSPR,20.0,50.0
2021-03-09,GMBREW,20.0,50.0
2021-04-05,GMBREW,20.0,50.0
2021-05-25,GMBREW,20.0,50.0
2021-05-07,GMDCLTD,20.0,50.0
2021-09-08,GMDCLTD,20.0,50.0
2021-02-18,GMMPFAUDLR,20.0,50.0
2021-05-12,GMMPFAUDLR,20.0,50.0
2021-03-04,GMRINFRA,20.0,50.0
2021-05-20,GMRINFRA,20.0,50.0
2021-09-13,GMRINFRA,20.0,50.0
2021-05-20,GNA,20,50
2021-02-22,GNFC,20.0,50.0
2021-08-02,GNFC,20.0,50.0
2021-02-11,GOACARBON,20.0,50.0
2021-04-06,GOACARBON,20.0,50.0
2021-05-07,GOACARBON,20.0,50.0
2021-06-01,GOCLCORP,20,50
2021-05-25,GODFRYPHLP,20,50
2020-12-15,GODREJAGRO,20.0,50.0
2021-04-09,GODREJAGRO,20.0,50.0
2021-04-12,GODREJCP,20,50
,GODREJIND,20,50
2021-06-03,GODREJPROP,20,50
2021-06-25,GOENKA,20.0,50.0
2021-06-29,GOENKA,20.0,50.0
2021-09-20,GOENKA,20.0,50.0
2021-04-26,GOKEX,20,50
2021-04-09,GOKUL,20.0,50.0
2021-05-06,GOKUL,20.0,50.0
2021-05-05,GOKULAGRO,20,50
2021-05-11,GOLDENTOBC,20.0,50.0
2021-07-27,GOLDENTOBC,20.0,50.0
,GOLDIAM,20,50
2021-02-19,GOLDTECH,20.0,50.0
2021-05-31,GOLDTECH,20.0,50.0
2021-04-23,GOODLUCK,20,50
2021-05-24,GOODYEAR,20,50
,GPIL,20,50
2021-02-10,GPPL,20.0,50.0
2021-05-24,GPPL,20.0,50.0
2021-05-17,GPTINFRA,20,50
2021-05-03,GRANULES,20.0,50.0
2021-07-08,GRANULES,20.0,50.0
2021-08-05,GRAPHITE,20,50
2021-05-27,GRASIM,20.0,50.0
2021-09-13,GRASIM,20.0,50.0
2021-05-11,GRAVITA,20,50
2021-06-11,GREAVESCOT,20,50
,GREENLAM,20,50
2021-04-12,GREENPANEL,20.0,50.0
2021-07-30,GREENPANEL,20.0,50.0
,GREENPLY,20,50
2021-05-14,GREENPOWER,20,50
2021-09-02,GRINDWELL,20,50
2021-05-26,GROBTEA,20,50
2021-03-17,GRPLTD,20.0,50.0
2021-05-05,GRPLTD,20.0,50.0
2021-09-06,GRPLTD,20.0,50.0
2020-12-16,GRSE,20.0,50.0
2021-02-18,GRSE,20.0,50.0
2021-06-03,GRSE,20.0,50.0
2021-05-11,GSCLCEMENT,20,50
2021-07-28,GSFC,20,50
2021-02-15,GSPL,20.0,50.0
2021-05-18,GSPL,20.0,50.0
2021-02-16,GSS,20.0,50.0
2021-07-01,GSS,20.0,50.0
2021-07-14,GSS,20.0,50.0
2021-09-06,GSS,20.0,50.0
2020-12-08,GTL,20.0,50.0
2021-05-11,GTL,20.0,50.0
2020-12-15,GTLINFRA,20.0,50.0
2021-03-04,GTLINFRA,20.0,50.0
2021-05-26,GTLINFRA,20.0,50.0
2021-05-06,GTNTEX,20,50
2021-04-20,GTPL,20,50
2021-04-20,GUFICBIO,20.0,50.0
2021-08-02,GUFICBIO,20.0,50.0
2021-03-08,GUJALKALI,20.0,50.0
2021-07-07,GUJALKALI,20.0,50.0
2021-09-16,GUJALKALI,20.0,50.0
2021-01-12,GUJAPOLLO,20.0,50.0
2021-05-07,GUJAPOLLO,20.0,50.0
2021-06-03,GUJGASLTD,20,50
2021-02-22,GULFOILLUB,20.0,50.0
2021-06-10,GULFOILLUB,20.0,50.0
2021-05-03,GULFPETRO,20,50
2021-04-05,GULPOLY,20,50
2021-05-25,HAL,20,50
2020-12-23,HAPPSTMNDS,20,50
,HARRMALAYA,20,50
2021-06-01,HATHWAY,20,50
2021-03-05,HATSUN,20,50
2021-06-02,HAVELLS,20.0,50.0
2021-07-16,HAVELLS,20.0,50.0
2020-12-10,HAVISHA,20.0,50.0
2021-05-12,HAVISHA,20.0,50.0
2021-05-14,HBLPOWER,20,50
2021-05-26,HBSL,20,50
2021-03-09,HCC,20.0,50.0
2021-05-18,HCC,20.0,50.0
2021-02-23,HCG,20,50
2021-02-04,HCL-INSYS,20.0,50.0
2021-05-25,HCL-INSYS,20.0,50.0
2020-12-07,HCLTECH,20.0,50.0
2021-03-23,HCLTECH,20.0,50.0
2021-06-15,HCLTECH,20.0,50.0
2021-05-28,HDFC,20.0,50.0
2021-07-08,HDFC,20.0,50.0
2021-08-06,HDFC,20.0,50.0
2021-03-10,HDFCAMC,20.0,50.0
2021-06-01,HDFCAMC,20.0,50.0
2021-08-26,HDFCAMC,20.0,50.0
2021-05-27,HDFCBANK,20.0,50.0
2021-08-16,HDFCBANK,20.0,50.0
2021-06-15,HDFCLIFE,20.0,50.0
2021-08-31,HDFCLIFE,20.0,50.0
2021-05-28,HDIL,20,50
2021-07-28,HEG,20.0,50.0
2021-07-30,HEG,20.0,50.0
2021-03-25,HEIDELBERG,20.0,50.0
2021-08-30,HEIDELBERG,20.0,50.0
2021-06-07,HEMIPROP,20,50
2021-07-22,HERANBA,20,50
2021-05-17,HERCULES,20,50
2020-12-14,HERITGFOOD,20.0,50.0
2021-02-23,HERITGFOOD,20.0,50.0
2020-12-09,HEROMOTOCO,20.0,50.0
2021-06-01,HEROMOTOCO,20.0,50.0
2021-09-17,HEROMOTOCO,20.0,50.0
2021-02-17,HESTERBIO,20.0,50.0
2021-09-14,HESTERBIO,20.0,50.0
,HEXATRADEX,20,50
2021-05-05,HFCL,20.0,50.0
2021-09-17,HFCL,20.0,50.0
2021-05-14,HGINFRA,20,50
,HGS,20,50
2021-01-07,HIKAL,20.0,50.0
2021-02-01,HIKAL,20.0,50.0
2021-04-16,HIKAL,20.0,50.0
2021-07-27,HIL,20,50
2021-04-16,HILTON,20.0,50.0
2021-07-27,HILTON,20.0,50.0
2021-09-02,HILTON,20.0,50.0
2021-05-10,HIMATSEIDE,20,50
2021-07-19,HINDALCO,20,50
2021-05-17,HINDCOMPOS,20,50
2021-05-10,HINDCON,20,50
,HINDCOPPER,20,50
2021-03-05,HINDMOTORS,20.0,50.0
2021-05-17,HINDMOTORS,20.0,50.0
2021-03-19,HINDNATGLS,20,50
2021-02-24,HINDOILEXP,20,50
2021-05-10,HINDPETRO,20.0,50.0
2021-09-16,HINDPETRO,20.0,50.0
2021-03-26,HINDUNILVR,20.0,50.0
2021-06-21,HINDUNILVR,20.0,50.0
2021-08-20,HINDUNILVR,20.0,50.0
2021-04-28,HINDZINC,20.0,50.0
2021-09-15,HINDZINC,20.0,50.0
2021-05-18,HIRECT,20.0,50.0
2021-08-25,HIRECT,20.0,50.0
2021-03-31,HISARMETAL,20.0,50.0
2021-06-15,HISARMETAL,20.0,50.0
2021-05-20,HITECH,20,50
2021-02-09,HITECHCORP,20.0,50.0
2021-04-19,HITECHCORP,20.0,50.0
2021-05-11,HITECHGEAR,20,50
2021-08-27,HLEGLAS,20,50
2021-03-05,HLVLTD,20.0,50.0
2021-05-20,HLVLTD,20.0,50.0
2021-06-03,HMT,20,50
2021-02-24,HMVL,20.0,50.0
2021-05-18,HMVL,20.0,50.0
2020-12-07,HNDFDS,20.0,50.0
2021-05-19,HNDFDS,20.0,50.0
2021-09-08,HNDFDS,20.0,50.0
2021-05-10,HOMEFIRST,20,50
2021-07-14,HONAUT,20,50
2020-12-10,HONDAPOWER,20.0,50.0
2021-02-16,HONDAPOWER,20.0,50.0
2021-03-02,HONDAPOWER,20.0,50.0
2021-05-19,HONDAPOWER,20.0,50.0
2021-02-15,HOTELRUGBY,20.0,50.0
2021-05-31,HOTELRUGBY,20.0,50.0
2020-12-07,HOVS,20.0,50.0
2021-03-15,HOVS,20.0,50.0
2021-05-24,HOVS,20.0,50.0
2021-03-02,HPL,20.0,50.0
2021-05-24,HPL,20.0,50.0
2021-01-07,HSCL,20.0,50.0
2021-03-02,HSCL,20.0,50.0
2021-05-06,HSCL,20.0,50.0
2021-05-11,HSIL,20,50
2020-12-04,HTMEDIA,20.0,50.0
2021-05-25,HTMEDIA,20.0,50.0
2021-05-25,HUBTOWN,20,50
2021-05-24,HUDCO,20,50
2021-02-12,HUHTAMAKI,20.0,50.0
2021-05-11,HUHTAMAKI,20.0,50.0
2021-06-01,HUHTAMAKI,20.0,50.0
2021-05-26,IBREALEST,20,50
2021-05-25,IBULHSGFIN,20,50
2021-05-10,ICICIBANK,20,50
2021-05-11,ICICIGI,20.0,50.0
2021-09-02,ICICIGI,20.0,50.0
2021-04-26,ICICIPRULI,20,50
2021-04-27,ICIL,20,50
2020-12-08,ICRA,20.0,50.0
2021-03-19,ICRA,20.0,50.0
2021-06-15,ICRA,20.0,50.0
2021-03-03,IDBI,20.0,50.0
2021-09-02,IDBI,20.0,50.0
2021-06-07,IDEA,20.0,50.0
2021-09-16,IDEA,20.0,50.0
2021-05-11,IDFC,20.0,50.0
2021-07-27,IDFC,20.0,50.0
2021-09-17,IDFC,20.0,50.0
2021-05-27,IDFCFIRSTB,20,50
2021-06-15,IEX,20,50
2021-05-10,IFBAGRO,20,50
2021-06-03,IFBIND,20.0,50.0
2021-09-09,IFBIND,20.0,50.0
2021-03-03,IFCI,20.0,50.0
2021-06-02,IFCI,20.0,50.0
2021-06-23,IFGLEXPOR,20,50
2021-04-23,IGARASHI,20,50
2021-05-10,IGL,20.0,50.0
2021-05-27,IGL,20.0,50.0
2021-09-09,IGL,20.0,50.0
2021-02-12,IGPL,20.0,50.0
2021-04-07,IGPL,20.0,50.0
2021-04-28,IGPL,20.0,50.0
2021-05-11,IGPL,20.0,50.0
2021-05-17,IGPL,20.0,50.0
2021-07-15,IIFL,20,50
2021-02-25,IIFLSEC,20.0,50.0
2021-04-07,IIFLSEC,20.0,50.0
2021-05-05,IIFLSEC,20.0,50.0
2021-07-05,IIFLWAM,20,50
2021-05-19,IITL,20,50
2020-12-14,IL&FSENGG,20.0,50.0
2021-04-23,IL&FSENGG,20.0,50.0
2021-04-22,IL&FSTRANS,20.0,50.0
2021-05-28,IL&FSTRANS,20.0,50.0
2021-02-25,IMAGICAA,20.0,50.0
2021-05-25,IMAGICAA,20.0,50.0
2021-06-14,IMFA,20,50
2020-12-11,IMPAL,20.0,50.0
2021-02-11,IMPAL,20.0,50.0
2021-06-04,IMPAL,20.0,50.0
2020-12-07,INCREDIBLE,20.0,50.0
2021-04-12,INCREDIBLE,20.0,50.0
2020-12-04,INDBANK,20.0,50.0
2021-05-11,INDBANK,20.0,50.0
2021-02-16,INDHOTEL,20.0,50.0
2021-03-08,INDHOTEL,20.0,50.0
2021-05-19,INDHOTEL,20.0,50.0
2021-09-13,INDHOTEL,20.0,50.0
2021-04-06,INDIACEM,20.0,50.0
2021-05-18,INDIACEM,20.0,50.0
2021-05-10,INDIAGLYCO,20,50
2020-12-04,INDIAMART,20.0,50.0
2021-07-15,INDIAMART,20.0,50.0
2021-08-04,INDIAMART,20.0,50.0
2021-08-30,INDIAMART,20.0,50.0
2021-05-19,INDIANB,20,50
2021-05-17,INDIANCARD,20,50
2021-05-25,INDIANHUME,20,50
2021-03-04,INDIGO,20.0,50.0
2021-05-18,INDIGO,20.0,50.0
2021-08-31,INDIGO,20.0,50.0
2021-05-20,INDIGOPNTS,20.0,50.0
2021-09-03,INDIGOPNTS,20.0,50.0
2020-12-04,INDLMETER,20.0,50.0
2021-05-17,INDLMETER,20.0,50.0
2021-07-09,INDLMETER,20.0,50.0
2021-02-12,INDNIPPON,20.0,50.0
2021-05-24,INDNIPPON,20.0,50.0
2021-06-17,INDNIPPON,20.0,50.0
2021-04-15,INDOCO,20,50
2021-03-15,INDORAMA,20,50
2020-12-08,INDOSOLAR,20.0,50.0
2021-06-07,INDOSOLAR,20.0,50.0
2021-02-26,INDOSTAR,20.0,50.0
2021-06-02,INDOSTAR,20.0,50.0
2021-05-12,INDOTECH,20,50
2021-06-29,INDOTHAI,20.0,50.0
2021-07-08,INDOTHAI,20.0,50.0
2021-05-20,INDOWIND,20,50
2021-03-23,INDRAMEDCO,20,50
2021-04-26,INDSWFTLAB,20,50
2021-05-24,INDTERRAIN,20,50
2021-02-01,INDUSINDBK,20.0,50.0
2021-05-24,INDUSINDBK,20.0,50.0
2021-08-11,INDUSINDBK,20.0,50.0
2021-09-16,INDUSINDBK,20.0,50.0
2021-04-01,INDUSTOWER,20.0,50.0
2021-04-08,INDUSTOWER,20.0,50.0
2021-05-11,INDUSTOWER,20.0,50.0
2021-09-13,INDUSTOWER,20.0,50.0
2021-04-07,INEOSSTYRO,20,50
2021-02-12,INFIBEAM,20.0,50.0
2021-06-01,INFIBEAM,20.0,50.0
2020-12-31,INFOBEAN,20.0,50.0
2021-04-07,INFOBEAN,20.0,50.0
2021-03-02,INFOMEDIA,20.0,50.0
2021-04-22,INFOMEDIA,20.0,50.0
2021-05-10,INFOMEDIA,20.0,50.0
2021-07-20,INFOMEDIA,20.0,50.0
2021-03-08,INFY,20.0,50.0
2021-06-01,INFY,20.0,50.0
2021-05-04,INGERRAND,20,50
2021-05-26,INOXLEISUR,20.0,50.0
2021-08-12,INOXLEISUR,20.0,50.0
2021-04-20,INOXWIND,20,50
2020-12-16,INSECTICID,20.0,50.0
2021-04-20,INSECTICID,20.0,50.0
2021-06-17,INSPIRISYS,20,50
2021-07-22,INTELLECT,20,50
2021-04-23,INTENTECH,20,50
2021-02-16,INVENTURE,20.0,50.0
2021-05-20,INVENTURE,20.0,50.0
2021-02-05,IOB,20.0,50.0
2021-05-24,IOB,20.0,50.0
2021-05-17,IOC,20.0,50.0
2021-09-02,IOC,20.0,50.0
2021-05-03,IOLCP,20.0,50.0
2021-07-12,IOLCP,20.0,50.0
2021-04-08,IPCALAB,20.0,50.0
2021-07-22,IPCALAB,20.0,50.0
2021-01-13,IRB,20.0,50.0
2021-03-09,IRB,20.0,50.0
2021-05-31,IRB,20.0,50.0
2021-09-06,IRB,20.0,50.0
2021-02-10,IRCON,20.0,50.0
2021-05-10,IRCON,20.0,50.0
2021-05-21,IRCTC,20,50
2021-05-25,IRFC,20,50
2020-12-10,ISEC,20.0,50.0
2021-04-22,ISEC,20.0,50.0
2021-01-05,ISFT,20.0,50.0
2021-04-09,ISFT,20.0,50.0
2021-09-08,ISFT,20.0,50.0
,ISGEC,20,50
2021-05-04,ISMTLTD,20.0,50.0
2021-09-15,ISMTLTD,20.0,50.0
2021-06-01,ITC,20.0,50.0
2021-08-04,ITC,20.0,50.0
2021-03-05,ITDC,20.0,50.0
2021-05-27,ITDC,20.0,50.0
2021-09-20,ITDC,20.0,50.0
2021-05-24,ITDCEM,20,50
2021-03-02,ITI,20.0,50.0
2021-05-21,ITI,20.0,50.0
2020-12-08,IVC,20.0,50.0
2021-04-23,IVC,20.0,50.0
2021-05-17,IVP,20,50
,IWEL,20,50
2021-02-23,IZMO,20,50
2021-05-20,J&KBANK,20,50
2021-02-17,JAGRAN,20.0,50.0
2021-06-04,JAGRAN,20.0,50.0
2021-04-23,JAGSNPHARM,20,50
,JAIBALAJI,20,50
2021-03-02,JAICORPLTD,20.0,50.0
2021-05-19,JAICORPLTD,20.0,50.0
2020-12-23,JAINSTUDIO,20.0,50.0
2021-05-27,JAINSTUDIO,20.0,50.0
2021-05-10,JAMNAAUTO,20.0,50.0
2021-05-19,JAMNAAUTO,20.0,50.0
2021-08-31,JAMNAAUTO,20.0,50.0
,JASH,20,50
2021-04-28,JAYAGROGN,20.0,50.0
2021-09-13,JAYAGROGN,20.0,50.0
2021-04-30,JAYBARMARU,20,50
2021-02-23,JAYNECOIND,20,50
2021-03-03,JAYSREETEA,20.0,50.0
2021-04-28,JAYSREETEA,20.0,50.0
2020-12-15,JBCHEPHARM,20.0,50.0
2021-02-11,JBCHEPHARM,20.0,50.0
2020-12-09,JBFIND,20.0,50.0
2021-03-31,JBFIND,20.0,50.0
2021-05-18,JBMA,20,50
2020-12-17,JCHAC,20.0,50.0
2020-12-23,JCHAC,20.0,50.0
2021-07-16,JCHAC,20.0,50.0
2021-02-26,JETAIRWAYS,20.0,50.0
2021-03-16,JETAIRWAYS,20.0,50.0
2021-06-01,JETAIRWAYS,20.0,50.0
2021-09-16,JETAIRWAYS,20.0,50.0
2021-09-13,JHS,20,50
2021-06-15,JINDALPHOT,20,50
2021-02-09,JINDALPOLY,20,50
2021-03-02,JINDALSAW,20.0,50.0
2021-04-01,JINDALSAW,20.0,50.0
2021-04-08,JINDALSAW,20.0,50.0
2021-04-30,JINDALSAW,20.0,50.0
2021-07-28,JINDALSTEL,20,50
2021-02-25,JINDRILL,20.0,50.0
2021-05-10,JINDRILL,20.0,50.0
2021-09-09,JINDRILL,20.0,50.0
2021-05-18,JINDWORLD,20.0,50.0
2021-09-13,JINDWORLD,20.0,50.0
2021-03-10,JISLDVREQS,20.0,50.0
2021-05-19,JISLDVREQS,20.0,50.0
2021-09-08,JISLDVREQS,20.0,50.0
2021-03-05,JISLJALEQS,20.0,50.0
2021-05-21,JISLJALEQS,20.0,50.0
2021-09-08,JISLJALEQS,20.0,50.0
2021-05-07,JITFINFRA,20,50
2021-06-03,JIYAECO,20,50
2021-06-01,JKCEMENT,20.0,50.0
2021-06-07,JKCEMENT,20.0,50.0
2021-06-24,JKCEMENT,20.0,50.0
2021-06-11,JKIL,20,50
2021-02-08,JKLAKSHMI,20.0,50.0
2021-05-20,JKLAKSHMI,20.0,50.0
2021-05-24,JKPAPER,20,50
2021-01-11,JKTYRE,20.0,50.0
2021-05-18,JKTYRE,20.0,50.0
2021-04-08,JMA,20,50
,JMCPROJECT,20,50
2021-02-09,JMFINANCIL,20.0,50.0
2021-06-01,JMFINANCIL,20.0,50.0
2021-05-19,JMTAUTOLTD,20,50
2020-12-07,JOCIL,20.0,50.0
2021-04-26,JOCIL,20.0,50.0
2021-02-24,JPASSOCIAT,20.0,50.0
2021-04-09,JPASSOCIAT,20.0,50.0
2021-05-19,JPASSOCIAT,20.0,50.0
2021-05-24,JPINFRATEC,20,50
2021-03-31,JPPOWER,20,50
2021-04-16,JSL,20,50
2021-04-08,JSLHISAR,20,50
,JSWENERGY,20,50
2021-04-07,JSWHL,20.0,50.0
2021-08-13,JSWHL,20.0,50.0
2021-08-25,JSWHL,20.0,50.0
2021-04-07,JSWISPL,20,50
2021-07-26,JSWSTEEL,20,50
2021-05-21,JTEKTINDIA,20,50
2021-05-21,JUBLFOOD,20,50
2021-04-23,JUBLINDS,20,50
,JUBLINGREA,20,50
2021-04-28,JUBLPHARMA,20,50
2021-06-10,JUMPNET,20,50
2021-02-15,JUSTDIAL,20.0,50.0
2021-02-26,JUSTDIAL,20.0,50.0
2021-06-03,JUSTDIAL,20.0,50.0
2020-12-04,JYOTHYLAB,20.0,50.0
2021-05-11,JYOTHYLAB,20.0,50.0
2021-09-15,JYOTHYLAB,20.0,50.0
2021-04-13,JYOTISTRUC,20.0,50.0
2021-06-22,JYOTISTRUC,20.0,50.0
2021-05-14,KABRAEXTRU,20,50
2021-05-27,KAJARIACER,20,50
2021-03-10,KAKATCEM,20.0,50.0
2021-07-30,KAKATCEM,20.0,50.0
2021-05-20,KALPATPOWR,20,50
2020-12-07,KALYANIFRG,20.0,50.0
2021-02-18,KALYANIFRG,20.0,50.0
2021-05-24,KALYANIFRG,20.0,50.0
,KALYANKJIL,20,50
2021-05-20,KAMATHOTEL,20,50
2021-09-03,KAMDHENU,20,50
2020-12-14,KANANIIND,20.0,50.0
2021-05-28,KANANIIND,20.0,50.0
2021-09-15,KANORICHEM,20,50
2021-05-05,KANPRPLA,20.0,50.0
2021-09-16,KANPRPLA,20.0,50.0
2021-04-08,KANSAINER,20.0,50.0
2021-05-06,KANSAINER,20.0,50.0
2021-05-27,KANSAINER,20.0,50.0
2020-12-18,KAPSTON,20.0,50.0
2021-02-05,KAPSTON,20.0,50.0
2021-03-03,KAPSTON,20.0,50.0
2021-03-12,KAPSTON,20.0,50.0
2021-02-24,KARDA,20.0,50.0
2021-03-30,KARDA,20.0,50.0
2021-05-06,KARDA,20.0,50.0
2020-12-07,KARMAENG,20.0,50.0
2021-05-25,KARMAENG,20.0,50.0
2021-05-24,KARURVYSYA,20,50
2020-12-10,KAUSHALYA,20.0,50.0
2021-06-04,KAUSHALYA,20.0,50.0
2021-05-27,KAYA,20,50
2021-01-25,KCP,20.0,50.0
2021-02-04,KCP,20.0,50.0
2021-03-08,KCPSUGIND,20.0,50.0
2021-04-30,KCPSUGIND,20.0,50.0
2021-06-09,KDDL,20,50
2021-02-02,KEC,20.0,50.0
2021-06-18,KEC,20.0,50.0
2021-09-09,KEC,20.0,50.0
2021-05-07,KECL,20.0,50.0
2021-07-16,KECL,20.0,50.0
,KEI,20,50
2021-05-28,KELLTONTEC,20,50
2021-05-19,KENNAMET,20,50
2021-03-01,KERNEX,20.0,50.0
2021-05-26,KERNEX,20.0,50.0
2021-05-11,KESORAMIND,20,50
2021-05-21,KEYFINSERV,20,50
2021-05-21,KHADIM,20,50
2021-05-07,KHAICHEM,20,50
2020-12-08,KHANDSE,20.0,50.0
2021-04-09,KHANDSE,20.0,50.0
2021-04-29,KHANDSE,20.0,50.0
2021-07-19,KHANDSE,20.0,50.0
2021-05-07,KICL,20.0,50.0
2021-09-03,KICL,20.0,50.0
2021-09-15,KICL,20.0,50.0
2020-12-23,KILITCH,20.0,50.0
2021-04-09,KILITCH,20.0,50.0
2021-07-22,KILITCH,20.0,50.0
,KIMS,20,50
2021-01-04,KINGFA,20.0,50.0
2021-03-08,KINGFA,20.0,50.0
2021-05-11,KINGFA,20.0,50.0
2020-12-11,KIOCL,20.0,50.0
2021-02-17,KIOCL,20.0,50.0
2021-02-25,KIOCL,20.0,50.0
2021-04-30,KIOCL,20.0,50.0
2021-05-14,KIRIINDUS,20,50
,KIRLFER,20,50
,KIRLOSBROS,20,50
,KIRLOSENG,20,50
2021-05-06,KIRLOSIND,20,50
2021-05-20,KITEX,20,50
2021-05-24,KKCL,20,50
2021-03-04,KMSUGAR,20,50
2021-05-19,KNRCON,20,50
2021-05-25,KOKUYOCMLN,20,50
2021-05-27,KOLTEPATIL,20.0,50.0
2021-06-07,KOLTEPATIL,20.0,50.0
2021-07-19,KOLTEPATIL,20.0,50.0
2021-04-20,KOPRAN,20,50
2021-02-16,KOTAKBANK,20.0,50.0
2021-03-09,KOTAKBANK,20.0,50.0
2021-06-02,KOTAKBANK,20.0,50.0
2021-08-13,KOTAKBANK,20.0,50.0
2021-08-31,KOTAKBANK,20.0,50.0
2021-05-03,KOTARISUG,20,50
2021-04-23,KOTHARIPET,20,50
2021-05-10,KOTHARIPRO,20,50
2020-12-11,KPITTECH,20,50
,KPRMILL,20,50
2020-12-09,KRBL,20.0,50.0
2021-05-06,KRBL,20.0,50.0
2021-04-22,KREBSBIO,20.0,50.0
2021-08-02,KREBSBIO,20.0,50.0
2020-12-04,KRIDHANINF,20.0,50.0
2021-03-17,KRIDHANINF,20.0,50.0
2021-04-06,KRIDHANINF,20.0,50.0
2021-04-30,KRIDHANINF,20.0,50.0
2021-05-12,KRIDHANINF,20.0,50.0
2021-03-10,KRISHANA,20.0,50.0
2021-06-11,KRISHANA,20.0,50.0
,KSB,20,50
2020-12-17,KSCL,20.0,50.0
2020-12-29,KSCL,20.0,50.0
2021-04-13,KSCL,20.0,50.0
2021-08-03,KSCL,20.0,50.0
,KSL,20,50
2021-05-18,KTKBANK,20.0,50.0
2021-09-09,KTKBANK,20.0,50.0
2021-03-02,KUANTUM,20.0,50.0
2021-06-01,KUANTUM,20.0,50.0
2021-06-07,L&TFH,20,50
2020-12-21,LAKPRE,20.0,50.0
2021-05-21,LAKPRE,20.0,50.0
2020-12-29,LALPATHLAB,20.0,50.0
2021-03-16,LALPATHLAB,20.0,50.0
2021-03-02,LAMBODHARA,20.0,50.0
2021-03-05,LAMBODHARA,20.0,50.0
2021-03-31,LAOPALA,20.0,50.0
2021-05-11,LAOPALA,20.0,50.0
2021-05-18,LAOPALA,20.0,50.0
2021-08-03,LAOPALA,20.0,50.0
2021-08-27,LAOPALA,20.0,50.0
2021-04-28,LASA,20,50
2020-12-07,LAURUSLABS,20.0,50.0
2021-04-06,LAURUSLABS,20.0,50.0
2021-06-01,LAXMIMACH,20,50
2021-06-28,LCCINFOTEC,20.0,50.0
2021-08-31,LCCINFOTEC,20.0,50.0
2021-02-17,LEMONTREE,20.0,50.0
2021-03-05,LEMONTREE,20.0,50.0
2021-05-19,LEMONTREE,20.0,50.0
2021-06-09,LFIC,20.0,50.0
2021-07-26,LFIC,20.0,50.0
2021-08-03,LFIC,20.0,50.0
2021-05-26,LGBBROSLTD,20,50
2021-05-12,LGBFORGE,20,50
2020-12-18,LIBAS,20,50
2021-05-19,LIBERTSHOE,20.0,50.0
2021-09-06,LIBERTSHOE,20.0,50.0
2021-05-17,LICHSGFIN,20,50
,LIKHITHA,20,50
2021-03-09,LINCOLN,20.0,50.0
2021-09-13,LINCOLN,20.0,50.0
2021-02-16,LINCPEN,20.0,50.0
2021-05-21,LINCPEN,20.0,50.0
2021-09-07,LINCPEN,20.0,50.0
2021-07-08,LINDEINDIA,20,50
,LODHA,20,50
2021-04-13,LOKESHMACH,20.0,50.0
2021-08-31,LOKESHMACH,20.0,50.0
2021-08-03,LOTUSEYE,20,50
2021-03-04,LOVABLE,20.0,50.0
2021-05-07,LOVABLE,20.0,50.0
2020-12-10,LPDC,20.0,50.0
2021-03-08,LPDC,20.0,50.0
2021-05-17,LPDC,20.0,50.0
2021-03-01,LSIL,20,50
2021-05-25,LT,20,50
2021-03-30,LTI,20.0,50.0
2021-06-15,LTI,20.0,50.0
2021-06-01,LTTS,20,50
2021-02-12,LUMAXIND,20.0,50.0
2021-05-27,LUMAXIND,20.0,50.0
2021-06-11,LUMAXTECH,20,50
2020-12-23,LUPIN,20.0,50.0
2021-04-19,LUPIN,20.0,50.0
,LUXIND,20,50
,LXCHEM,20,50
2021-04-26,LYKALABS,20.0,50.0
2021-07-27,LYKALABS,20.0,50.0
2021-03-02,LYPSAGEMS,20.0,50.0
2021-06-03,LYPSAGEMS,20.0,50.0
2021-05-28,M&M,20.0,50.0
2021-08-26,M&M,20.0,50.0
2021-02-03,M&MFIN,20.0,50.0
2021-07-07,M&MFIN,20.0,50.0
2021-09-03,M&MFIN,20.0,50.0
,MAANALU,20,50
2020-12-09,MACPOWER,20.0,50.0
2021-05-24,MACPOWER,20.0,50.0
2021-05-20,MADHAV,20,50
2021-02-25,MADHUCON,20.0,50.0
2021-05-28,MADHUCON,20.0,50.0
2021-05-12,MADRASFERT,20,50
2020-12-10,MAGADSUGAR,20.0,50.0
2021-03-05,MAGADSUGAR,20.0,50.0
2021-04-22,MAGADSUGAR,20.0,50.0
2021-01-28,MAGMA,20.0,50.0
2021-05-06,MAGMA,20.0,50.0
2020-12-23,MAGNUM,20.0,50.0
2021-02-24,MAGNUM,20.0,50.0
2021-05-24,MAGNUM,20.0,50.0
,MAHABANK,20,50
2021-05-14,MAHAPEXLTD,20,50
2021-01-06,MAHASTEEL,20.0,50.0
2021-05-05,MAHASTEEL,20.0,50.0
2021-07-22,MAHASTEEL,20.0,50.0
2020-12-10,MAHEPC,20.0,50.0
2021-05-28,MAHEPC,20.0,50.0
2021-02-10,MAHESHWARI,20.0,50.0
2021-04-19,MAHESHWARI,20.0,50.0
2021-08-04,MAHESHWARI,20.0,50.0
2021-05-10,MAHINDCIE,20,50
2021-05-28,MAHLIFE,20,50
2021-06-02,MAHLOG,20,50
2021-02-04,MAHSCOOTER,20.0,50.0
2021-05-26,MAHSCOOTER,20.0,50.0
2021-05-06,MAHSEAMLES,20,50
2021-04-09,MAITHANALL,20,50
2021-03-02,MAJESCO,20.0,50.0
2021-05-20,MAJESCO,20.0,50.0
2021-05-20,MALUPAPER,20,50
2020-12-08,MANAKALUCO,20.0,50.0
2021-04-12,MANAKALUCO,20.0,50.0
2021-09-14,MANAKALUCO,20.0,50.0
,MANAKCOAT,20,50
2021-03-12,MANAKSIA,20.0,50.0
2021-04-26,MANAKSIA,20.0,50.0
2021-03-30,MANAKSTEEL,20.0,50.0
2021-07-15,MANAKSTEEL,20.0,50.0
2021-02-02,MANALIPETC,20.0,50.0
2021-07-07,MANALIPETC,20.0,50.0
2021-07-14,MANALIPETC,20.0,50.0
2021-02-11,MANAPPURAM,20.0,50.0
2021-05-21,MANAPPURAM,20.0,50.0
2021-04-23,MANGALAM,20,50
2021-05-06,MANGCHEFER,20,50
2021-05-10,MANGLMCEM,20,50
2021-02-09,MANGTIMBER,20.0,50.0
2021-05-24,MANGTIMBER,20.0,50.0
2021-02-09,MANGTIMBER,20.0,50.0
2021-05-24,MANGTIMBER,20.0,50.0
2021-03-15,MANINDS,20,50
2021-05-21,MANINFRA,20,50
2021-03-08,MANUGRAPH,20,50
2021-03-04,MARALOVER,20,50
2021-06-01,MARATHON,20,50
2021-04-15,MARICO,20.0,50.0
2021-09-01,MARICO,20.0,50.0
,MARINE,20,50
2021-04-22,MARKSANS,20,50
2021-05-27,MARUTI,20,50
2021-05-21,MASFIN,20,50
2021-03-04,MASKINVEST,20.0,50.0
2021-06-18,MASKINVEST,20.0,50.0
2021-09-17,MASKINVEST,20.0,50.0
2021-03-16,MASTEK,20,50
2021-06-10,MATRIMONY,20,50
2021-02-24,MAWANASUG,20,50
,MAXHEALTH,20,50
2021-03-03,MAXIND,20.0,50.0
2021-09-13,MAXIND,20.0,50.0
2021-05-11,MAXVIL,20,50
2021-04-26,MAYURUNIQ,20,50
2021-02-05,MAZDA,20.0,50.0
2021-05-21,MAZDA,20.0,50.0
2021-09-14,MAZDA,20.0,50.0
2021-05-25,MAZDOCK,20,50
2021-06-07,MBAPL,20,50
2021-05-27,MBECL,20,50
2021-05-26,MBLINFRA,20,50
2021-02-11,MCDHOLDING,20.0,50.0
2021-05-28,MCDHOLDING,20.0,50.0
2021-09-17,MCDHOLDING,20.0,50.0
2021-05-14,MCDOWELL-N,20.0,50.0
2021-08-18,MCDOWELL-N,20.0,50.0
2020-12-04,MCL,20,50
2021-03-02,MCLEODRUSS,20.0,50.0
2021-05-04,MCLEODRUSS,20.0,50.0
2020-12-29,MCX,20.0,50.0
2021-05-18,MCX,20.0,50.0
2021-07-15,MCX,20.0,50.0
2021-09-13,MCX,20.0,50.0
2021-04-28,MEGASOFT,20.0,50.0
2021-07-08,MEGASOFT,20.0,50.0
2021-04-05,MELSTAR,20.0,50.0
2021-09-16,MELSTAR,20.0,50.0
2021-05-11,MENONBE,20,50
2021-03-09,MEP,20.0,50.0
2021-05-21,MEP,20.0,50.0
2020-12-07,MERCATOR,20.0,50.0
2021-05-06,MERCATOR,20.0,50.0
2020-12-08,METALFORGE,20.0,50.0
2021-04-06,METALFORGE,20.0,50.0
2021-05-18,METALFORGE,20.0,50.0
2021-01-06,METROPOLIS,20.0,50.0
2021-04-01,METROPOLIS,20.0,50.0
2021-09-13,METROPOLIS,20.0,50.0
2021-09-09,MFSL,20,50
2021-05-26,MGL,20.0,50.0
2021-07-12,MGL,20.0,50.0
2021-09-07,MGL,20.0,50.0
2021-05-25,MHRIL,20,50
2021-05-10,MIDHANI,20,50
2021-05-05,MINDACORP,20,50
2021-05-21,MINDAIND,20,50
2021-04-27,MINDTECK,20,50
2021-03-09,MINDTREE,20,50
2021-05-06,MIRCELECTR,20,50
2021-05-21,MIRZAINT,20.0,50.0
2021-09-06,MIRZAINT,20.0,50.0
2021-05-26,MITTAL,20.0,50.0
2021-09-16,MITTAL,20.0,50.0
2021-05-26,MMFL,20,50
2021-05-06,MMP,20,50
2021-05-11,MMTC,20,50
2021-09-08,MODIRUBBER,20,50
,MODISNME,20,50
2021-06-03,MOHITIND,20,50
2020-12-07,MOHOTAIND,20.0,50.0
2021-06-07,MOHOTAIND,20.0,50.0
2020-12-08,MOIL,20.0,50.0
2021-02-23,MOIL,20.0,50.0
,MOKSH,20,50
2021-04-28,MOLDTECH,20,50
2021-09-15,MOLDTKPAC,20,50
2021-04-28,MONTECARLO,20.0,50.0
2021-09-09,MONTECARLO,20.0,50.0
2021-03-04,MORARJEE,20.0,50.0
2021-05-21,MORARJEE,20.0,50.0
2021-03-08,MOREPENLAB,20,50
2021-02-10,MOTHERSUMI,20.0,50.0
2021-05-07,MOTHERSUMI,20.0,50.0
2021-03-08,MOTILALOFS,20.0,50.0
2021-05-06,MOTILALOFS,20.0,50.0
2021-03-26,MOTOGENFIN,20.0,50.0
2021-06-15,MOTOGENFIN,20.0,50.0
2020-12-22,MPHASIS,20,50
2021-02-02,MPSLTD,20.0,50.0
2021-07-12,MPSLTD,20.0,50.0
2021-05-31,MRF,20.0,50.0
2021-07-13,MRF,20.0,50.0
2021-06-08,MRO-TEK,20,50
2021-02-24,MRPL,20.0,50.0
2021-05-05,MRPL,20.0,50.0
2021-04-06,MSPL,20.0,50.0
2021-07-30,MSPL,20.0,50.0
2020-12-04,MSTCLTD,20.0,50.0
2021-06-28,MSTCLTD,20.0,50.0
2021-09-16,MSTCLTD,20.0,50.0
2021-06-04,MTARTECH,20,50
2021-05-18,MTEDUCARE,20,50
2021-03-04,MTNL,20.0,50.0
2021-05-28,MTNL,20.0,50.0
2021-04-01,MUKANDLTD,20.0,50.0
2021-06-29,MUKANDLTD,20.0,50.0
2021-03-16,MUKTAARTS,20.0,50.0
2021-05-19,MUKTAARTS,20.0,50.0
2021-02-12,MUNJALAU,20.0,50.0
2021-05-19,MUNJALAU,20.0,50.0
2021-02-05,MUNJALSHOW,20.0,50.0
2021-05-25,MUNJALSHOW,20.0,50.0
2021-08-03,MUNJALSHOW,20.0,50.0
2021-05-18,MURUDCERA,20,50
2021-03-01,MUTHOOTCAP,20.0,50.0
2021-05-25,MUTHOOTCAP,20.0,50.0
2020-12-17,MUTHOOTFIN,20.0,50.0
2020-12-29,MUTHOOTFIN,20.0,50.0
2021-02-12,MUTHOOTFIN,20.0,50.0
2021-05-21,MUTHOOTFIN,20.0,50.0
2021-05-10,NACLIND,20,50
2021-02-26,NAGAFERT,20.0,50.0
2021-05-10,NAGAFERT,20.0,50.0
2021-05-10,NAGREEKCAP,20.0,50.0
2021-08-02,NAGREEKCAP,20.0,50.0
2021-05-06,NAGREEKEXP,20,50
2021-05-10,NAHARCAP,20,50
2021-03-05,NAHARINDUS,20.0,50.0
2021-05-07,NAHARINDUS,20.0,50.0
2021-03-09,NAHARPOLY,20,50
,NAHARSPING,20,50
2021-05-07,NAM-INDIA,20,50
2020-12-07,NATCOPHARM,20.0,50.0
2021-04-09,NATCOPHARM,20.0,50.0
2021-01-11,NATHBIOGEN,20.0,50.0
2021-02-03,NATHBIOGEN,20.0,50.0
2021-03-02,NATHBIOGEN,20.0,50.0
,NATIONALUM,20,50
2021-05-03,NAUKRI,20.0,50.0
2021-06-16,NAUKRI,20.0,50.0
2021-03-02,NAVINFLUOR,20.0,50.0
2021-08-30,NAVINFLUOR,20.0,50.0
2021-05-20,NAVKARCORP,20,50
2021-02-23,NAVNETEDUL,20.0,50.0
2021-05-27,NAVNETEDUL,20.0,50.0
2021-07-13,NAZARA,20.0,50.0
2021-09-03,NAZARA,20.0,50.0
2021-05-18,NBCC,20,50
2021-02-08,NBIFIN,20.0,50.0
2021-04-19,NBIFIN,20.0,50.0
2021-08-09,NBIFIN,20.0,50.0
2020-12-07,NBVENTURES,20.0,50.0
2021-02-24,NBVENTURES,20.0,50.0
2021-05-24,NCC,20,50
,NCLIND,20,50
2021-02-10,NDGL,20.0,50.0
2021-05-04,NDGL,20.0,50.0
2021-05-06,NDL,20,50
2021-05-24,NDRAUTO,20,50
2021-02-10,NDTV,20,50
2021-03-02,NECCLTD,20.0,50.0
2021-05-14,NECCLTD,20.0,50.0
2020-12-14,NECLIFE,20.0,50.0
2021-04-22,NECLIFE,20.0,50.0
2021-05-03,NELCAST,20.0,50.0
2021-07-12,NELCAST,20.0,50.0
2021-05-12,NELCO,20,50
2020-12-07,NEOGEN,20.0,50.0
2021-02-10,NEOGEN,20.0,50.0
2021-07-27,NEOGEN,20.0,50.0
2021-05-26,NESCO,20,50
2021-04-08,NESTLEIND,20.0,50.0
2021-05-14,NESTLEIND,20.0,50.0
2021-02-26,NETWORK18,20.0,50.0
2021-05-20,NETWORK18,20.0,50.0
2021-09-14,NETWORK18,20.0,50.0
2021-01-12,NEULANDLAB,20.0,50.0
2021-07-16,NEULANDLAB,20.0,50.0
2021-04-06,NEWGEN,20,50
2021-04-28,NEXTMEDIA,20,50
2021-02-25,NFL,20,50
2021-05-17,NH,20,50
2021-05-11,NHPC,20.0,50.0
2021-08-27,NHPC,20.0,50.0
2021-05-21,NIACL,20.0,50.0
2021-09-14,NIACL,20.0,50.0
2021-09-09,NIBL,20,50
2021-05-18,NIITLTD,20,50
2021-05-20,NILAINFRA,20,50
2021-05-27,NILASPACES,20,50
,NILKAMAL,20,50
2021-02-09,NIPPOBATRY,20.0,50.0
2021-03-01,NIPPOBATRY,20.0,50.0
2021-05-28,NIRAJ,20,50
2021-05-19,NITCO,20,50
2020-12-14,NITINFIRE,20.0,50.0
2021-04-22,NITINFIRE,20.0,50.0
,NITINSPIN,20,50
2020-12-22,NKIND,20.0,50.0
2021-03-01,NKIND,20.0,50.0
2021-06-08,NKIND,20.0,50.0
2021-05-12,NLCINDIA,20,50
2021-02-24,NMDC,20,50
2020-12-16,NOCIL,20,50
2021-01-07,NOIDATOLL,20.0,50.0
2021-03-05,NOIDATOLL,20.0,50.0
2021-06-10,NOIDATOLL,20.0,50.0
2021-06-02,NORBTEAEXP,20,50
2021-04-26,NOVARTIND,20,50
2021-02-19,NRAIL,20.0,50.0
2021-05-25,NRAIL,20.0,50.0
2021-05-21,NRBBEARING,20.0,50.0
2021-09-17,NRBBEARING,20.0,50.0
2021-03-31,NSIL,20,50
2020-12-29,NTL,20.0,50.0
2021-05-25,NTL,20.0,50.0
2021-02-23,NTPC,20.0,50.0
2021-05-14,NTPC,20.0,50.0
2021-09-17,NTPC,20.0,50.0
2020-12-24,NUCLEUS,20.0,50.0
2021-04-22,NUCLEUS,20.0,50.0
2021-09-16,NURECA,20,50
2021-05-14,NXTDIGITAL,20,50
2021-04-07,OAL,20.0,50.0
2021-07-09,OAL,20.0,50.0
2021-09-07,OAL,20.0,50.0
2021-03-19,OBEROIRLTY,20.0,50.0
2021-05-21,OBEROIRLTY,20.0,50.0
2021-01-20,OCCL,20.0,50.0
2021-05-24,OCCL,20.0,50.0
2021-09-15,OCCL,20.0,50.0
2020-12-29,OFSS,20.0,50.0
2021-04-06,OFSS,20.0,50.0
2021-05-14,OIL,20,50
2021-03-24,OILCOUNTUB,20,50
2021-06-22,OLECTRA,20,50
2021-05-24,OMAXAUTO,20,50
2021-05-14,OMAXE,20,50
,OMINFRAL,20,50
2021-03-18,OMKARCHEM,20.0,50.0
2021-07-27,OMKARCHEM,20.0,50.0
2021-04-26,ONEPOINT,20,50
2021-05-12,ONGC,20.0,50.0
2021-09-03,ONGC,20.0,50.0
2021-02-05,ONMOBILE,20,50
,ONWARDTEC,20,50
2021-02-16,OPTIEMUS,20.0,50.0
2021-06-21,OPTIEMUS,20.0,50.0
2021-09-01,OPTIEMUS,20.0,50.0
2021-04-27,OPTOCIRCUI,20,50
2021-05-18,ORBTEXP,20,50
,ORCHPHARMA,20,50
2021-05-05,ORICONENT,20,50
2021-04-28,ORIENTABRA,20,50
2020-12-09,ORIENTALTL,20.0,50.0
2021-04-29,ORIENTALTL,20.0,50.0
2021-05-11,ORIENTBELL,20,50
,ORIENTCEM,20,50
2021-06-02,ORIENTELEC,20,50
2021-04-29,ORIENTHOT,20,50
2021-06-07,ORIENTLTD,20.0,50.0
2021-07-14,ORIENTLTD,20.0,50.0
2021-05-20,ORIENTPPR,20.0,50.0
2021-09-09,ORIENTPPR,20.0,50.0
2021-02-12,ORIENTREF,20.0,50.0
2021-03-19,ORIENTREF,20.0,50.0
2021-03-02,ORISSAMINE,20.0,50.0
2021-03-31,ORISSAMINE,20.0,50.0
2021-05-11,ORISSAMINE,20.0,50.0
2020-12-04,ORTEL,20.0,50.0
2021-05-17,ORTEL,20.0,50.0
2021-08-31,ORTEL,20.0,50.0
2021-06-10,ORTINLAB,20,50
2021-05-26,OSWALAGRO,20.0,50.0
2021-09-17,OSWALAGRO,20.0,50.0
2021-02-17,PAEL,20.0,50.0
2021-06-29,PAEL,20.0,50.0
2021-03-25,PAGEIND,20.0,50.0
2021-05-24,PAGEIND,20.0,50.0
2021-07-07,PAGEIND,20.0,50.0
2021-09-01,PAGEIND,20.0,50.0
2021-09-16,PAGEIND,20.0,50.0
2020-12-10,PAISALO,20.0,50.0
2021-07-12,PAISALO,20.0,50.0
2021-09-03,PAISALO,20.0,50.0
2021-03-01,PALASHSECU,20,50
2021-09-13,PALREDTEC,20,50
2021-04-09,PANACEABIO,20,50
2021-01-11,PANACHE,20.0,50.0
2021-02-05,PANACHE,20.0,50.0
2021-06-10,PANACHE,20.0,50.0
2021-04-26,PANAMAPET,20,50
2020-12-04,PARACABLES,20.0,50.0
2021-03-09,PARACABLES,20.0,50.0
2021-04-28,PARACABLES,20.0,50.0
2021-04-09,PARAGMILK,20,50
2021-02-16,PARSVNATH,20.0,50.0
2021-05-27,PARSVNATH,20.0,50.0
2021-09-13,PARSVNATH,20.0,50.0
2021-05-12,PATELENG,20,50
2021-02-17,PATINTLOG,20.0,50.0
2021-05-17,PATINTLOG,20.0,50.0
2021-05-18,PATSPINLTD,20,50
,PBAINFRA,20,50
2021-05-27,PCJEWELLER,20.0,50.0
2021-09-17,PCJEWELLER,20.0,50.0
2021-02-17,PDMJEPAPER,20.0,50.0
2021-05-26,PDMJEPAPER,20.0,50.0
,PDSMFL,20,50
2020-12-11,PEARLPOLY,20.0,50.0
2021-04-20,PEARLPOLY,20.0,50.0
2021-05-28,PEARLPOLY,20.0,50.0
2021-06-02,PEL,20,50
2021-05-14,PENIND,20,50
2021-03-24,PENINLAND,20.0,50.0
2021-05-27,PENINLAND,20.0,50.0
2020-12-14,PERSISTENT,20,50
2021-03-02,PETRONET,20.0,50.0
2021-05-11,PETRONET,20.0,50.0
2021-08-27,PETRONET,20.0,50.0
2021-05-27,PFC,20,50
2021-04-09,PFIZER,20,50
2020-12-09,PFOCUS,20.0,50.0
2021-08-26,PFOCUS,20.0,50.0
2020-12-04,PFS,20.0,50.0
2021-03-03,PFS,20.0,50.0
2021-05-24,PFS,20.0,50.0
2021-01-29,PGEL,20.0,50.0
2021-05-28,PGEL,20.0,50.0
2021-09-17,PGEL,20.0,50.0
2021-07-02,PGHH,20.0,50.0
2021-08-30,PGHH,20.0,50.0
,PGHL,20,50
2021-04-07,PGIL,20,50
2021-04-22,PHILIPCARB,20.0,50.0
2021-09-16,PHILIPCARB,20.0,50.0
2021-05-28,PHOENIXLTD,20,50
2021-03-24,PIDILITIND,20,50
2021-02-24,PIIND,20,50
2021-05-26,PILANIINVS,20,50
,PILITA,20,50
2021-05-11,PIONDIST,20.0,50.0
2021-08-20,PIONDIST,20.0,50.0
2021-04-20,PIONEEREMB,20,50
2021-05-24,PITTIENG,20,50
2021-02-26,PKTEA,20.0,50.0
2021-05-20,PKTEA,20.0,50.0
2021-09-08,PKTEA,20.0,50.0
2021-05-11,PLASTIBLEN,20.0,50.0
2021-09-09,PLASTIBLEN,20.0,50.0
2021-02-03,PNB,20.0,50.0
2021-05-25,PNB,20.0,50.0
2021-05-05,PNBGILTS,20,50
2021-02-17,PNBHOUSING,20.0,50.0
2021-05-24,PNBHOUSING,20.0,50.0
2021-03-15,PNC,20.0,50.0
2021-07-07,PNC,20.0,50.0
2021-05-28,PNCINFRA,20,50
2021-06-07,PODDARHOUS,20,50
2020-12-04,PODDARMENT,20.0,50.0
2021-02-08,PODDARMENT,20.0,50.0
2021-04-23,PODDARMENT,20.0,50.0
2021-09-14,PODDARMENT,20.0,50.0
2021-03-22,POKARNA,20,50
2021-09-01,POLYCAB,20,50
2021-09-14,POLYMED,20,50
2021-02-10,POLYPLEX,20,50
2021-04-08,PONNIERODE,20,50
2021-02-03,POWERGRID,20.0,50.0
2021-05-12,POWERGRID,20.0,50.0
2021-08-12,POWERGRID,20.0,50.0
2021-02-15,POWERINDIA,20.0,50.0
2021-08-26,POWERINDIA,20.0,50.0
,POWERMECH,20,50
2021-05-27,PPAP,20,50
,PPL,20,50
2021-05-10,PRAENG,20,50
,PRAJIND,20,50
2021-03-08,PRAKASH,20.0,50.0
2021-08-02,PRAKASH,20.0,50.0
2021-05-05,PRAKASHSTL,20,50
2021-06-01,PRAXIS,20,50
2021-04-13,PRECAM,20,50
,PRECOT,20,50
2021-02-11,PRECWIRE,20.0,50.0
2021-08-26,PRECWIRE,20.0,50.0
2021-02-05,PREMEXPLN,20.0,50.0
2021-03-09,PREMEXPLN,20.0,50.0
2021-07-01,PREMEXPLN,20.0,50.0
2020-12-07,PREMIER,20.0,50.0
2021-05-24,PREMIER,20.0,50.0
2021-04-30,PREMIERPOL,20,50
2021-05-07,PRESSMN,20,50
2021-06-14,PRESTIGE,20,50
2021-01-13,PRICOLLTD,20.0,50.0
2021-02-03,PRICOLLTD,20.0,50.0
2021-03-05,PRIMESECU,20.0,50.0
2021-05-26,PRIMESECU,20.0,50.0
2021-09-16,PRINCEPIPE,20,50
2020-12-07,PRIVISCL,20,50
2021-07-09,PROINDIA,20,50
2021-05-17,PROZONINTU,20,50
2021-07-13,PRSMJOHNSN,20,50
2021-02-09,PSB,20,50
2021-06-14,PSPPROJECT,20,50
2021-09-03,PTC,20,50
2021-05-17,PTL,20,50
2021-05-04,PUNJABCHEM,20,50
2021-05-26,PUNJLLOYD,20,50
2021-05-17,PURVA,20.0,50.0
2021-09-03,PURVA,20.0,50.0
2021-05-27,PVR,20.0,50.0
2021-08-18,PVR,20.0,50.0
2021-09-15,PVR,20.0,50.0
2021-05-28,QUESS,20,50
2020-12-30,QUICKHEAL,20.0,50.0
2021-03-09,QUICKHEAL,20.0,50.0
2021-08-27,RADAAN,20,50
2021-05-19,RADICO,20,50
2021-02-11,RADIOCITY,20.0,50.0
2021-05-20,RADIOCITY,20.0,50.0
2021-06-01,RADIOCITY,20.0,50.0
2021-05-25,RAILTEL,20,50
,RAIN,20,50
2021-02-18,RAJESHEXPO,20.0,50.0
2021-04-16,RAJESHEXPO,20.0,50.0
2021-04-23,RAJESHEXPO,20.0,50.0
,RAJMET,20,50
,RAJRATAN,20,50
2021-03-09,RAJRAYON,20.0,50.0
2021-04-27,RAJRAYON,20.0,50.0
2021-05-05,RAJRAYON,20.0,50.0
2021-05-07,RAJRAYON,20.0,50.0
2021-05-11,RAJRAYON,20.0,50.0
2021-08-17,RAJRAYON,20.0,50.0
2021-03-03,RAJSREESUG,20,50
2020-12-09,RAJTV,20.0,50.0
2021-04-27,RAJTV,20.0,50.0
2021-04-20,RALLIS,20,50
2021-03-05,RAMANEWS,20.0,50.0
2021-05-21,RAMANEWS,20.0,50.0
2021-04-15,RAMASTEEL,20.0,50.0
2021-04-29,RAMASTEEL,20.0,50.0
2021-02-08,RAMCOCEM,20.0,50.0
2021-06-16,RAMCOCEM,20.0,50.0
2021-04-30,RAMCOIND,20.0,50.0
2021-07-13,RAMCOIND,20.0,50.0
2020-12-09,RAMCOSYS,20.0,50.0
2021-05-28,RAMCOSYS,20.0,50.0
2021-05-25,RAMKY,20,50
2021-03-02,RANASUG,20,50
2021-03-03,RANEENGINE,20.0,50.0
2021-05-18,RANEENGINE,20.0,50.0
2021-03-05,RANEHOLDIN,20.0,50.0
2021-06-07,RANEHOLDIN,20.0,50.0
2021-02-10,RATNAMANI,20.0,50.0
2021-06-03,RATNAMANI,20.0,50.0
2021-02-19,RAYMOND,20.0,50.0
2021-05-21,RAYMOND,20.0,50.0
2021-04-16,RBL,20.0,50.0
2021-05-17,RBL,20.0,50.0
2021-05-31,RBLBANK,20,50
2021-02-25,RCF,20.0,50.0
2021-05-19,RCF,20.0,50.0
2020-12-07,RCOM,20.0,50.0
2021-05-26,RCOM,20.0,50.0
2021-05-20,RECLTD,20.0,50.0
2021-08-31,RECLTD,20.0,50.0
2021-04-29,REDINGTON,20.0,50.0
2021-05-05,REDINGTON,20.0,50.0
2021-04-15,REFEX,20.0,50.0
2021-09-01,REFEX,20.0,50.0
2021-03-26,RELAXO,20,50
2021-03-12,RELCAPITAL,20.0,50.0
2021-05-18,RELCAPITAL,20.0,50.0
2021-09-17,RELCAPITAL,20.0,50.0
2021-01-21,RELIANCE,20.0,50.0
2021-02-15,RELIANCE,20.0,50.0
2021-05-31,RELIANCE,20.0,50.0
2021-08-24,RELIANCE,20.0,50.0
2021-02-23,RELIGARE,20,50
2020-12-07,RELINFRA,20.0,50.0
2021-09-16,RELINFRA,20.0,50.0
,REMSONSIND,20,50
2021-04-16,RENUKA,20,50
2021-05-10,REPCOHOME,20,50
2021-05-26,REPL,20,50
2020-12-14,REPRO,20.0,50.0
2021-05-28,REPRO,20.0,50.0
2021-08-10,REPRO,20.0,50.0
,RESPONIND,20,50
2020-12-10,REVATHI,20.0,50.0
2021-05-03,REVATHI,20.0,50.0
2021-03-16,RGL,20.0,50.0
2021-04-05,RGL,20.0,50.0
2021-03-12,RHFL,20.0,50.0
2021-05-31,RHFL,20.0,50.0
2021-09-20,RHFL,20.0,50.0
2021-02-18,RICOAUTO,20.0,50.0
2021-04-09,RICOAUTO,20.0,50.0
2021-04-13,RICOAUTO,20.0,50.0
2021-03-01,RIIL,20.0,50.0
2021-05-19,RIIL,20.0,50.0
2021-05-25,RITES,20,50
2020-12-08,RKDL,20.0,50.0
2021-04-20,RKDL,20.0,50.0
,RKEC,20,50
2021-04-29,RKFORGE,20,50
2020-12-10,RMCL,20.0,50.0
2021-05-31,RMCL,20.0,50.0
2021-06-04,RML,20,50
2021-03-09,RNAVAL,20.0,50.0
2021-05-28,RNAVAL,20.0,50.0
2021-05-24,ROHLTD,20.0,50.0
2021-09-20,ROHLTD,20.0,50.0
2020-12-10,ROLLT,20.0,50.0
2021-05-12,ROLLT,20.0,50.0
2020-12-04,ROLTA,20.0,50.0
2021-04-28,ROLTA,20.0,50.0
2021-05-26,ROML,20.0,50.0
2021-09-13,ROML,20.0,50.0
2021-08-02,ROSSARI,20,50
2020-12-15,ROSSELLIND,20.0,50.0
2021-05-04,ROSSELLIND,20.0,50.0
2021-05-25,ROUTE,20,50
2020-12-11,RPGLIFE,20.0,50.0
2021-04-20,RPGLIFE,20.0,50.0
2021-07-12,RPGLIFE,20.0,50.0
2021-02-26,RPOWER,20.0,50.0
2021-09-15,RPOWER,20.0,50.0
2020-12-14,RPPINFRA,20.0,50.0
2021-05-20,RPPINFRA,20.0,50.0
2021-03-12,RPSGVENT,20,50
2020-12-14,RSSOFTWARE,20.0,50.0
2021-04-08,RSSOFTWARE,20.0,50.0
,RSWM,20,50
2021-05-03,RSYSTEMS,20,50
2020-12-04,RTNINDIA,20.0,50.0
2021-04-23,RTNINDIA,20.0,50.0
2021-05-10,RTNPOWER,20,50
2021-05-12,RUBYMILLS,20,50
2021-02-12,RUCHI,20.0,50.0
2021-05-11,RUCHI,20.0,50.0
2021-05-18,RUCHINFRA,20,50
2021-03-01,RUCHIRA,20.0,50.0
2021-05-21,RUCHIRA,20.0,50.0
2021-05-24,RUPA,20,50
2021-05-19,RUSHIL,20,50
2021-05-25,RVHL,20.0,50.0
2021-08-27,RVHL,20.0,50.0
2021-05-24,RVNL,20,50
2021-01-13,S&SPOWER,20.0,50.0
2021-06-09,S&SPOWER,20.0,50.0
2021-08-23,S&SPOWER,20.0,50.0
2021-01-28,SABEVENTS,20.0,50.0
2021-05-06,SABEVENTS,20.0,50.0
2021-02-11,SADBHAV,20.0,50.0
2021-05-24,SADBHAV,20.0,50.0
2021-02-12,SADBHIN,20.0,50.0
2021-05-21,SADBHIN,20.0,50.0
2021-06-01,SAFARI,20,50
2021-02-04,SAGARDEEP,20.0,50.0
2021-05-12,SAGARDEEP,20.0,50.0
2021-01-20,SAGCEM,20.0,50.0
2021-02-12,SAGCEM,20.0,50.0
2021-02-24,SAIL,20.0,50.0
2021-07-26,SAIL,20.0,50.0
2021-04-26,SAKHTISUG,20,50
2020-12-28,SAKSOFT,20.0,50.0
2021-03-17,SAKSOFT,20.0,50.0
2021-06-28,SAKSOFT,20.0,50.0
2020-12-11,SAKUMA,20.0,50.0
2021-05-05,SAKUMA,20.0,50.0
,SALASAR,20,50
2021-05-12,SALONA,20,50
2021-04-13,SALSTEEL,20,50
2021-03-12,SALZERELEC,20.0,50.0
2021-05-19,SALZERELEC,20.0,50.0
2021-05-17,SAMBHAAV,20,50
2021-01-11,SANCO,20.0,50.0
2021-06-02,SANCO,20.0,50.0
2021-05-14,SANDESH,20,50
2021-01-13,SANDHAR,20.0,50.0
2021-02-10,SANDHAR,20.0,50.0
2021-05-21,SANDHAR,20.0,50.0
2021-08-31,SANDHAR,20.0,50.0
2021-09-15,SANDHAR,20.0,50.0
2021-04-09,SANGAMIND,20,50
,SANGHIIND,20,50
2021-04-15,SANGHVIMOV,20,50
2021-05-18,SANGINITA,20.0,50.0
2021-07-07,SANGINITA,20.0,50.0
2021-09-01,SANGINITA,20.0,50.0
2021-01-04,SANOFI,20.0,50.0
2021-03-08,SANOFI,20.0,50.0
2021-04-09,SANOFI,20.0,50.0
2021-06-24,SANOFI,20.0,50.0
2021-07-08,SANOFI,20.0,50.0
2020-12-15,SANWARIA,20.0,50.0
2021-05-26,SANWARIA,20.0,50.0
,SARDAEN,20,50
2021-09-08,SAREGAMA,20,50
2021-03-08,SARLAPOLY,20.0,50.0
2021-05-04,SARLAPOLY,20.0,50.0
2020-12-11,SASKEN,20,50
2021-02-24,SASTASUNDR,20.0,50.0
2021-04-22,SASTASUNDR,20.0,50.0
2021-05-05,SATIA,20,50
2021-02-04,SATIN,20.0,50.0
2021-06-15,SATIN,20.0,50.0
,SBCL,20,50
2020-12-28,SBICARD,20.0,50.0
2021-05-20,SBICARD,20.0,50.0
2021-08-10,SBICARD,20.0,50.0
2021-02-10,SBILIFE,20.0,50.0
2021-03-09,SBILIFE,20.0,50.0
2021-05-19,SBIN,20.0,50.0
2021-09-15,SBIN,20.0,50.0
2021-01-07,SCAPDVR,20.0,50.0
2021-04-22,SCAPDVR,20.0,50.0
2021-07-01,SCAPDVR,20.0,50.0
2021-06-10,SCHAEFFLER,20,50
2021-02-19,SCHAND,20.0,50.0
2021-06-09,SCHAND,20.0,50.0
2021-05-19,SCHNEIDER,20,50
2021-05-24,SCI,20.0,50.0
2021-09-15,SCI,20.0,50.0
2021-02-24,SDBL,20.0,50.0
2021-05-17,SDBL,20.0,50.0
2021-05-26,SEAMECLTD,20,50
2021-01-21,SECURKLOUD,20.0,50.0
2021-04-22,SECURKLOUD,20.0,50.0
2021-06-09,SECURKLOUD,20.0,50.0
2021-05-12,SELAN,20,50
2021-05-10,SEPOWER,20.0,50.0
2021-09-02,SEPOWER,20.0,50.0
2021-06-29,SEQUENT,20,50
2021-03-01,SESHAPAPER,20.0,50.0
2021-05-26,SESHAPAPER,20.0,50.0
2021-04-05,SETCO,20.0,50.0
2021-05-06,SETCO,20.0,50.0
2021-09-16,SETCO,20.0,50.0
2020-12-09,SETUINFRA,20.0,50.0
2021-05-21,SETUINFRA,20.0,50.0
2020-12-14,SEYAIND,20.0,50.0
2021-04-30,SEYAIND,20.0,50.0
2021-05-24,SEYAIND,20.0,50.0
2021-04-07,SFL,20.0,50.0
2021-04-28,SFL,20.0,50.0
2021-05-26,SFL,20.0,50.0
2021-08-31,SFL,20.0,50.0
2020-12-11,SGL,20.0,50.0
2021-05-17,SGL,20.0,50.0
2021-05-10,SHAKTIPUMP,20,50
2021-04-15,SHALBY,20,50
2021-05-20,SHALPAINTS,20,50
2020-12-04,SHANKARA,20.0,50.0
2021-02-03,SHANKARA,20.0,50.0
2021-05-27,SHANKARA,20.0,50.0
2021-02-19,SHANTIGEAR,20.0,50.0
2021-07-23,SHANTIGEAR,20.0,50.0
2021-01-04,SHARDACROP,20.0,50.0
2021-01-25,SHARDACROP,20.0,50.0
2021-05-11,SHARDACROP,20.0,50.0
2021-05-31,SHARDAMOTR,20,50
,SHAREINDIA,20,50
2021-03-16,SHEMAROO,20.0,50.0
2021-04-13,SHEMAROO,20.0,50.0
2021-09-16,SHEMAROO,20.0,50.0
2021-05-06,SHIL,20,50
2020-12-16,SHILPAMED,20.0,50.0
2021-04-23,SHILPAMED,20.0,50.0
2021-09-08,SHILPAMED,20.0,50.0
2021-02-15,SHIVAMAUTO,20.0,50.0
2021-05-12,SHIVAMAUTO,20.0,50.0
,SHIVAMILLS,20,50
2020-12-07,SHIVATEX,20.0,50.0
2021-04-30,SHIVATEX,20.0,50.0
2021-07-28,SHIVATEX,20.0,50.0
2021-04-15,SHK,20.0,50.0
2021-09-17,SHK,20.0,50.0
2021-02-11,SHOPERSTOP,20.0,50.0
2021-05-26,SHOPERSTOP,20.0,50.0
2021-09-16,SHOPERSTOP,20.0,50.0
2021-01-07,SHREDIGCEM,20.0,50.0
2021-03-05,SHREDIGCEM,20.0,50.0
2021-02-03,SHREECEM,20.0,50.0
2021-06-23,SHREECEM,20.0,50.0
2021-07-13,SHREECEM,20.0,50.0
2021-08-02,SHREECEM,20.0,50.0
2021-09-03,SHREECEM,20.0,50.0
2020-12-09,SHREEPUSHK,20.0,50.0
2021-09-01,SHREEPUSHK,20.0,50.0
2020-12-07,SHREERAMA,20.0,50.0
2021-02-08,SHREERAMA,20.0,50.0
2021-03-04,SHREERAMA,20.0,50.0
2021-05-20,SHRENIK,20,50
2021-03-08,SHREYANIND,20.0,50.0
2021-06-02,SHREYANIND,20.0,50.0
2021-05-05,SHREYAS,20,50
2021-05-11,SHRIPISTON,20.0,50.0
2021-06-08,SHRIPISTON,20.0,50.0
2021-02-02,SHRIRAMCIT,20.0,50.0
2021-05-06,SHRIRAMCIT,20.0,50.0
2020-12-09,SHRIRAMEPC,20.0,50.0
2021-05-12,SHRIRAMEPC,20.0,50.0
2021-07-13,SHRIRAMEPC,20.0,50.0
2021-09-17,SHRIRAMEPC,20.0,50.0
2021-05-03,SHYAMCENT,20,50
,SHYAMMETL,20,50
2021-02-22,SHYAMTEL,20,50
2021-04-09,SICAGEN,20,50
2020-12-08,SICAL,20.0,50.0
2021-05-26,SICAL,20.0,50.0
2021-05-11,SIEMENS,20.0,50.0
2021-08-11,SIEMENS,20.0,50.0
2021-05-11,SIGIND,20,50
2020-12-14,SIL,20.0,50.0
2021-06-23,SIL,20.0,50.0
2021-03-12,SILINV,20.0,50.0
2021-05-06,SILINV,20.0,50.0
2020-12-14,SILLYMONKS,20.0,50.0
2021-04-26,SILLYMONKS,20.0,50.0
2021-05-25,SILLYMONKS,20.0,50.0
2020-12-09,SIMBHALS,20.0,50.0
2021-03-09,SIMBHALS,20.0,50.0
2021-04-01,SIMBHALS,20.0,50.0
2021-05-28,SIMPLEXINF,20,50
2021-05-31,SINTEX,20,50
2020-12-28,SIRCA,20.0,50.0
2021-04-08,SIRCA,20.0,50.0
2021-09-14,SIRCA,20.0,50.0
2021-02-25,SIS,20.0,50.0
2021-05-25,SIS,20.0,50.0
2020-12-14,SITINET,20.0,50.0
2021-05-14,SITINET,20.0,50.0
2021-02-19,SIYSIL,20.0,50.0
2021-05-12,SIYSIL,20.0,50.0
2021-05-12,SJVN,20,50
2021-05-07,SKFINDIA,20,50
2020-12-17,SKIL,20.0,50.0
2021-05-24,SKIL,20.0,50.0
2021-08-02,SKIL,20.0,50.0
2021-08-31,SKIL,20.0,50.0
2021-05-27,SKIPPER,20,50
2021-05-03,SKMEGGPROD,20,50
2021-02-17,SMARTLINK,20.0,50.0
2021-05-12,SMARTLINK,20.0,50.0
2021-06-03,SMCGLOBAL,20,50
2021-06-08,SMLISUZU,20,50
2020-12-07,SMSLIFE,20.0,50.0
2021-04-20,SMSLIFE,20.0,50.0
,SMSPHARMA,20,50
2021-04-27,SNOWMAN,20.0,50.0
2021-05-12,SNOWMAN,20.0,50.0
2021-04-08,SOBHA,20.0,50.0
2021-06-01,SOBHA,20.0,50.0
2021-07-06,SOBHA,20.0,50.0
2021-04-19,SOLARA,20.0,50.0
2021-08-06,SOLARA,20.0,50.0
2020-12-08,SOLARINDS,20.0,50.0
2021-05-27,SOLARINDS,20.0,50.0
2021-05-19,SOMANYCERA,20,50
2021-01-14,SOMATEX,20.0,50.0
2021-08-31,SOMATEX,20.0,50.0
2020-12-04,SOMICONVEY,20.0,50.0
2021-04-12,SOMICONVEY,20.0,50.0
2021-09-09,SOMICONVEY,20.0,50.0
,SONACOMS,20,50
,SONATSOFTW,20,50
